entity,coupled,degree,average-revs
plugins/openapi-router-common/src/types/common.ts,plugins/openapi-router-common/src/types/requests.ts,100,8
plugins/tech-insights-backend/src/service/fact/factRetrievers/entityMetadataFactRetriever.ts,plugins/tech-insights-backend/src/service/fact/factRetrievers/entityOwnershipFactRetriever.ts,100,8
plugins/kubernetes-backend/src/auth/AksStrategy.ts,plugins/kubernetes-backend/src/auth/GoogleStrategy.ts,100,7
plugins/kubernetes-backend/src/auth/GoogleStrategy.ts,plugins/kubernetes-backend/src/auth/OidcStrategy.ts,100,7
packages/cli-node/src/pacman/PackageManager.ts,packages/cli-node/src/pacman/yarn/Yarn.ts,100,7
plugins/kubernetes-backend/src/auth/AksStrategy.ts,plugins/kubernetes-backend/src/auth/OidcStrategy.ts,100,7
packages/cli/templates/default-app/plugins/welcome/src/index.ts,packages/cli/templates/default-app/plugins/welcome/src/plugin.ts,100,7
packages/cli/templates/default-app/plugins/welcome/src/components/Timer/index.ts,packages/cli/templates/default-app/plugins/welcome/src/components/WelcomePage/index.ts,100,6
plugins/catalog-react/src/components/EntityPeekAheadPopover/CardActionComponents/EmailCardAction.tsx,plugins/catalog-react/src/components/EntityPeekAheadPopover/CardActionComponents/EntityCardActions.tsx,100,6
plugins/inventory-backend/src/inventory/AggregatorInventory.ts,plugins/inventory-backend/src/inventory/StaticInventory.ts,100,6
packages/backend-app-api/src/services/implementations/configService.ts,packages/backend-app-api/src/services/implementations/urlReaderService.ts,100,6
plugins/git-release-manager/src/features/PromoteRc/PromoteRc.tsx,plugins/git-release-manager/src/features/PromoteRc/PromoteRcBody.tsx,100,6
plugins/scaffolder/src/filter/EntityFilterGroupsProvider.tsx,plugins/scaffolder/src/filter/context.ts,100,6
packages/cli/templates/default-app/plugins/welcome/src/components/Timer/Timer.tsx,packages/cli/templates/default-app/plugins/welcome/src/components/WelcomePage/index.ts,100,6
plugins/catalog/src/filter/context.ts,plugins/catalog/src/filter/useFilteredEntities.ts,100,6
packages/cli/templates/default-app/plugins/welcome/src/components/Timer/Timer.tsx,packages/cli/templates/default-app/plugins/welcome/src/components/Timer/index.ts,100,6
plugins/catalog-backend-module-azure/src/providers/config.ts,plugins/catalog-backend-module-azure/src/providers/types.ts,100,5
packages/cli/src/modules/config/commands/print.ts,packages/cli/src/modules/config/commands/validate.ts,100,5
packages/backend-common/src/context/AbortContext.ts,packages/backend-common/src/context/ValueContext.ts,100,5
packages/docgen/src/docgen/ApiDocsPrinter.ts,packages/docgen/src/docgen/TechdocsMarkdownPrinter.ts,100,5
plugins/catalog-graphql/src/index.ts,plugins/catalog-graphql/src/setupTests.ts,100,5
plugins/catalog/src/alpha/filter/matchers/createIsMatcher.ts,plugins/catalog/src/alpha/filter/matchers/createKindMatcher.ts,100,5
packages/cli-plugin-api/src/createCliPlugin.ts,packages/cli-plugin-api/src/types.ts,100,5
plugins/catalog/src/alpha/filter/matchers/createHasMatcher.ts,plugins/catalog/src/alpha/filter/matchers/createTypeMatcher.ts,100,5
packages/cli/src/modules/start/alpha.ts,packages/cli/src/modules/start/index.ts,100,5
plugins/catalog/src/alpha/filter/matchers/createIsMatcher.ts,plugins/catalog/src/alpha/filter/matchers/createTypeMatcher.ts,100,5
packages/cli-module-actions/src/commands/sourcesAdd.ts,packages/cli-module-actions/src/lib/resolveAuth.ts,100,5
plugins/graphql/src/index.ts,plugins/graphql/src/setupTests.ts,100,5
plugins/register-component/src/index.ts,plugins/register-component/src/plugin.ts,100,5
packages/cli-module-actions/src/commands/sourcesAdd.ts,packages/cli-module-actions/src/commands/sourcesRemove.ts,100,5
plugins/catalog/src/alpha/filter/matchers/createKindMatcher.ts,plugins/catalog/src/alpha/filter/matchers/createTypeMatcher.ts,100,5
plugins/catalog/src/alpha/filter/matchers/createHasMatcher.ts,plugins/catalog/src/alpha/filter/matchers/createKindMatcher.ts,100,5
packages/cli/src/modules/build/lib/optionsParser.ts,packages/cli/src/modules/lint/lib/optionsParser.ts,100,5
packages/cli-module-actions/src/commands/sourcesRemove.ts,packages/cli-module-actions/src/lib/resolveAuth.ts,100,5
plugins/azure-functions-backend/src/api/types.ts,plugins/azure-functions/src/api/types.ts,100,5
plugins/catalog/src/alpha/filter/matchers/createHasMatcher.ts,plugins/catalog/src/alpha/filter/matchers/createIsMatcher.ts,100,5
packages/cli/src/modules/config/commands/print.ts,packages/cli/src/modules/config/commands/schema.ts,100,5
plugins/github-actions/src/components/Widget/Widget.tsx,plugins/github-actions/src/components/Widget/index.ts,100,5
packages/cli/src/modules/config/commands/schema.ts,packages/cli/src/modules/config/commands/validate.ts,100,5
plugins/api-docs/src/components/ComponentsCards/ConsumingComponentsCard.tsx,plugins/api-docs/src/components/ComponentsCards/ProvidingComponentsCard.tsx,95,22
plugins/github-pull-requests-board/src/components/EntityTeamPullRequestsCard/EntityTeamPullRequestsCard.tsx,plugins/github-pull-requests-board/src/components/EntityTeamPullRequestsContent/EntityTeamPullRequestsContent.tsx,95,11
plugins/tech-insights-backend/src/service/fact/factRetrievers/entityMetadataFactRetriever.ts,plugins/tech-insights-backend/src/service/fact/factRetrievers/techdocsFactRetriever.ts,94,9
plugins/tech-insights-backend/src/service/fact/factRetrievers/entityOwnershipFactRetriever.ts,plugins/tech-insights-backend/src/service/fact/factRetrievers/techdocsFactRetriever.ts,94,9
packages/cli/src/modules/create-github-app/index.ts,packages/cli/src/modules/new/index.ts,94,9
plugins/github-actions/src/components/BuildDetailsPage/BuildDetailsPage.tsx,plugins/github-actions/src/components/BuildInfoCard/BuildInfoCard.tsx,93,8
packages/backend-common/src/context/Contexts.ts,packages/backend-common/src/context/types.ts,93,8
plugins/github-release-manager/src/cards/projectForm/Owner.tsx,plugins/github-release-manager/src/cards/projectForm/Repo.tsx,93,8
plugins/git-release-manager/src/features/CreateReleaseCandidate/CreateReleaseCandidate.tsx,plugins/git-release-manager/src/features/Patch/Patch.tsx,93,8
plugins/pagerduty/src/components/Escalation.tsx,plugins/pagerduty/src/components/Incidents.tsx,93,8
packages/ui/src/components/Toast/definition.ts,packages/ui/src/components/Toast/types.ts,92,14
plugins/catalog-backend/src/permissions/rules/hasLabel.ts,plugins/catalog-backend/src/permissions/rules/isEntityKind.ts,92,14
plugins/catalog-backend/src/permissions/rules/isEntityKind.ts,plugins/catalog-backend/src/permissions/rules/isEntityOwner.ts,92,14
plugins/catalog-backend/src/permissions/rules/hasLabel.ts,plugins/catalog-backend/src/permissions/rules/isEntityOwner.ts,92,14
packages/canon/src/components/Toolbar/Toolbar.tsx,packages/canon/src/components/Toolbar/types.ts,92,7
plugins/git-release-manager/src/features/CreateReleaseCandidate/CreateReleaseCandidate.tsx,plugins/git-release-manager/src/features/PromoteRc/PromoteRc.tsx,92,7
packages/cli/templates/default-app/plugins/welcome/src/components/Timer/Timer.tsx,packages/cli/templates/default-app/plugins/welcome/src/index.ts,92,7
packages/cli/templates/default-app/plugins/welcome/src/components/Timer/index.ts,packages/cli/templates/default-app/plugins/welcome/src/plugin.ts,92,7
packages/cli/templates/default-app/plugins/welcome/src/components/Timer/index.ts,packages/cli/templates/default-app/plugins/welcome/src/components/WelcomePage/WelcomePage.tsx,92,7
packages/cli/templates/default-app/plugins/welcome/src/components/Timer/index.ts,packages/cli/templates/default-app/plugins/welcome/src/index.ts,92,7
packages/cli/templates/default-app/plugins/welcome/src/components/Timer/index.ts,packages/cli/templates/default-app/plugins/welcome/src/setupTests.ts,92,7
plugins/catalog-backend/src/ingestion/DescriptorParsers.ts,plugins/catalog-backend/src/ingestion/descriptors/ComponentDescriptorV1beta1Parser.ts,92,7
packages/backend-plugin-api/src/wiring/createBackendModule.ts,packages/backend-plugin-api/src/wiring/createBackendPlugin.ts,92,7
packages/cli/templates/default-app/plugins/welcome/src/components/WelcomePage/index.ts,packages/cli/templates/default-app/plugins/welcome/src/plugin.ts,92,7
plugins/scaffolder/src/components/fields/EntityNamePicker/schema.ts,plugins/scaffolder/src/components/fields/EntityTagsPicker/schema.ts,92,7
packages/cli/templates/default-app/plugins/welcome/src/components/WelcomePage/index.ts,packages/cli/templates/default-app/plugins/welcome/src/setupTests.ts,92,7
packages/cli/templates/default-app/plugins/welcome/src/components/Timer/Timer.tsx,packages/cli/templates/default-app/plugins/welcome/src/setupTests.ts,92,7
plugins/git-release-manager/src/features/CreateReleaseCandidate/CreateReleaseCandidate.tsx,plugins/git-release-manager/src/features/PromoteRc/PromoteRcBody.tsx,92,7
plugins/kubernetes-backend/src/auth/AksStrategy.ts,plugins/kubernetes-backend/src/auth/AzureIdentityStrategy.ts,92,7
packages/cli/templates/default-app/plugins/welcome/src/components/WelcomePage/WelcomePage.tsx,packages/cli/templates/default-app/plugins/welcome/src/components/WelcomePage/index.ts,92,7
packages/cli/templates/default-app/plugins/welcome/src/components/WelcomePage/index.ts,packages/cli/templates/default-app/plugins/welcome/src/index.ts,92,7
packages/cli/templates/default-app/plugins/welcome/src/components/Timer/Timer.tsx,packages/cli/templates/default-app/plugins/welcome/src/plugin.ts,92,7
packages/cli/templates/default-app/plugins/welcome/src/components/Timer/Timer.tsx,packages/cli/templates/default-app/plugins/welcome/src/components/WelcomePage/WelcomePage.tsx,92,7
plugins/kubernetes-backend/src/auth/AzureIdentityStrategy.ts,plugins/kubernetes-backend/src/auth/OidcStrategy.ts,92,7
plugins/kubernetes-backend/src/auth/AzureIdentityStrategy.ts,plugins/kubernetes-backend/src/auth/GoogleStrategy.ts,92,7
plugins/api-docs/src/components/ApisCards/ConsumedApisCard.tsx,plugins/api-docs/src/components/ApisCards/ProvidedApisCard.tsx,90,26
packages/cli/src/modules/translations/commands/export.ts,packages/cli/src/modules/translations/commands/import.ts,90,10
plugins/azure-functions-backend/src/api/types.ts,plugins/azure-functions-backend/src/service/router.ts,90,6
packages/canon/src/components/Header/HeaderTabs.tsx,packages/canon/src/components/Header/HeaderTabsIndicators.tsx,90,6
plugins/inventory-backend/src/inventory/StaticInventory.ts,plugins/inventory-backend/src/service/router.ts,90,6
plugins/events-backend/src/service/DefaultEventBroker.ts,plugins/events-backend/src/service/EventsBackend.ts,90,6
packages/cli/src/modules/config/commands/docs.ts,packages/cli/src/modules/config/commands/schema.ts,90,6
packages/frontend-plugin-api/src/blueprints/ThemeBlueprint.ts,packages/frontend-plugin-api/src/blueprints/TranslationBlueprint.ts,90,6
packages/cli/src/modules/config/commands/docs.ts,packages/cli/src/modules/config/commands/validate.ts,90,6
plugins/user-settings/src/components/PinButton.tsx,plugins/user-settings/src/components/ThemeToggle.tsx,90,6
plugins/signals-react/src/api/SignalsApi.ts,plugins/signals-react/src/hooks/useSignalsApi.ts,90,6
plugins/azure-functions-backend/src/service/router.ts,plugins/azure-functions/src/api/types.ts,90,6
packages/backend-defaults/src/entrypoints/auth/external/legacy.ts,packages/backend-defaults/src/entrypoints/auth/external/types.ts,90,6
packages/backend-app-api/src/services/implementations/tokenManagerService.ts,packages/backend-app-api/src/services/implementations/urlReaderService.ts,90,6
plugins/inventory-backend/src/inventory/AggregatorInventory.ts,plugins/inventory-backend/src/service/router.ts,90,6
plugins/splunk-on-call/src/index.ts,plugins/splunk-on-call/src/plugin.ts,90,6
packages/backend-app-api/src/services/implementations/configService.ts,packages/backend-app-api/src/services/implementations/tokenManagerService.ts,90,6
plugins/api-docs/src/components/ApisCards/ApisTable.tsx,plugins/api-docs/src/components/ComponentsCards/ComponentsTable.tsx,90,6
packages/cli/src/modules/config/commands/docs.ts,packages/cli/src/modules/config/commands/print.ts,90,6
packages/cli-node/src/parallel/index.ts,packages/cli-node/src/parallel/parallel.ts,90,6
plugins/techdocs-node/src/stages/prepare/dir.ts,plugins/techdocs-node/src/stages/prepare/url.ts,90,6
packages/canon/src/components/Tabs/Tabs.tsx,packages/canon/src/components/Tabs/index.ts,90,6
packages/ui/src/components/Toast/Toast.tsx,packages/ui/src/components/Toast/definition.ts,88,13
plugins/signals-react/src/api/SignalApi.ts,plugins/signals/src/api/SignalClient.ts,88,9
plugins/git-release-manager/src/api/GitReleaseApiClient.ts,plugins/git-release-manager/src/test-helpers/test-helpers.ts,87,36
packages/cli-node/src/roles/PackageRoles.ts,packages/cli-node/src/roles/types.ts,87,8
packages/core-plugin-api/src/app/useApp.tsx,packages/core-plugin-api/src/routing/useRouteRef.tsx,87,8
packages/backend-defaults/src/entrypoints/systemMetadata/lib/DefaultSystemMetadataService.ts,packages/backend-plugin-api/src/services/definitions/SystemMetadataService.ts,87,8
packages/backend-common/src/util/ContainerRunner.ts,packages/backend-common/src/util/DockerContainerRunner.ts,87,8
plugins/catalog-backend/src/permissions/rules/hasAnnotation.ts,plugins/catalog-backend/src/permissions/rules/isEntityKind.ts,86,15
plugins/catalog-backend/src/permissions/rules/createPropertyRule.ts,plugins/catalog-backend/src/permissions/rules/hasAnnotation.ts,86,15
plugins/catalog-backend/src/permissions/rules/hasAnnotation.ts,plugins/catalog-backend/src/permissions/rules/hasLabel.ts,86,15
plugins/catalog-backend/src/permissions/rules/hasAnnotation.ts,plugins/catalog-backend/src/permissions/rules/isEntityOwner.ts,86,15
packages/integration/src/github/GitHubIntegration.ts,packages/integration/src/gitlab/GitLabIntegration.ts,86,12
plugins/notifications/src/api/NotificationsApi.ts,plugins/notifications/src/api/NotificationsClient.ts,85,18
plugins/catalog-react/src/alpha/predicates/createEntityPredicateSchema.ts,plugins/catalog-react/src/alpha/predicates/types.ts,85,11
plugins/github-actions/src/components/BuildInfoCard/BuildInfoCard.tsx,plugins/github-actions/src/components/BuildListPage/BuildListPage.tsx,85,7
packages/ui/src/components/ToggleButtonGroup/ToggleButtonGroup.tsx,packages/ui/src/components/ToggleButtonGroup/types.ts,85,7
packages/cli/templates/default-app/plugins/welcome/src/components/WelcomePage/WelcomePage.tsx,packages/cli/templates/default-app/plugins/welcome/src/setupTests.ts,85,7
plugins/kubernetes/src/components/CustomResources/ArgoRollouts/Rollout.tsx,plugins/kubernetes/src/components/DeploymentsAccordions/DeploymentsAccordions.tsx,85,7
packages/cli/templates/default-app/plugins/welcome/src/components/WelcomePage/WelcomePage.tsx,packages/cli/templates/default-app/plugins/welcome/src/plugin.ts,85,7
plugins/home/src/api/CoreStorageVisitsApi.ts,plugins/home/src/api/LocalStorageVisitsApi.ts,85,7
plugins/catalog-graph/src/components/CatalogGraphPage/SelectedKindsFilter.tsx,plugins/catalog-graph/src/components/CatalogGraphPage/SelectedRelationsFilter.tsx,85,7
plugins/scaffolder-backend-module-gitlab/src/actions/createGitlabProjectDeployTokenAction.ts,plugins/scaffolder-backend-module-gitlab/src/actions/createGitlabProjectVariableAction.ts,85,7
plugins/azure-devops-backend/src/api/index.ts,plugins/azure-devops-backend/src/index.ts,85,7
packages/cli/templates/default-app/plugins/welcome/src/plugin.ts,packages/cli/templates/default-app/plugins/welcome/src/setupTests.ts,85,7
plugins/scaffolder/src/components/fields/EntityPicker/index.ts,plugins/scaffolder/src/components/fields/OwnerPicker/index.ts,85,7
plugins/git-release-manager/src/features/Patch/Patch.tsx,plugins/git-release-manager/src/features/PromoteRc/PromoteRc.tsx,85,7
plugins/github-release-manager/src/cards/projectForm/Owner.tsx,plugins/github-release-manager/src/cards/projectForm/VersioningStrategy.tsx,85,7
plugins/azure-functions-backend/src/api/AzureWebManagementApi.ts,plugins/azure-functions/src/api/AzureFunctionsBackendClient.ts,85,7
packages/backend-defaults/src/entrypoints/systemMetadata/lib/DefaultSystemMetadataService.ts,packages/backend-defaults/src/entrypoints/systemMetadata/lib/createSystemMetadataRouter.ts,85,7
packages/cli/templates/default-app/plugins/welcome/src/index.ts,packages/cli/templates/default-app/plugins/welcome/src/setupTests.ts,85,7
packages/cli/templates/default-app/plugins/welcome/src/components/WelcomePage/WelcomePage.tsx,packages/cli/templates/default-app/plugins/welcome/src/index.ts,85,7
plugins/scaffolder/src/components/fields/EntityTagsPicker/schema.ts,plugins/scaffolder/src/components/fields/OwnedEntityPicker/schema.ts,85,7
packages/ui/src/components/Table/hooks/types.ts,packages/ui/src/components/Table/hooks/useTable.ts,85,7
plugins/kubernetes-backend/src/auth/AwsIamStrategy.ts,plugins/kubernetes-backend/src/auth/AzureIdentityStrategy.ts,85,7
plugins/git-release-manager/src/features/Patch/Patch.tsx,plugins/git-release-manager/src/features/PromoteRc/PromoteRcBody.tsx,85,7
packages/core/src/layout/SignInPage/commonProvider.tsx,packages/core/src/layout/SignInPage/types.ts,85,7
plugins/shortcuts/src/AddShortcut.tsx,plugins/shortcuts/src/EditShortcut.tsx,84,13
packages/core/src/api/plugin/Plugin.tsx,packages/core/src/api/plugin/types.ts,84,10
plugins/bazaar/src/components/InputField/InputField.tsx,plugins/bazaar/src/components/ProjectDialog/ProjectDialog.tsx,84,10
plugins/catalog/src/components/HasSubcomponentsCard/HasSubcomponentsCard.tsx,plugins/catalog/src/components/HasSystemsCard/HasSystemsCard.tsx,83,22
plugins/catalog-backend/src/ingestion/processors/AzureApiReaderProcessor.ts,plugins/catalog-backend/src/ingestion/processors/BitbucketApiReaderProcessor.ts,83,12
packages/core-plugin-api/src/analytics/index.ts,packages/core-plugin-api/src/analytics/types.ts,83,6
plugins/stackstorm/src/components/ActionsList/ActionsList.tsx,plugins/stackstorm/src/components/ExecutionsTable/ExecutionPanel.tsx,83,6
packages/frontend-plugin-api/src/blueprints/IconBundleBlueprint.ts,packages/frontend-plugin-api/src/blueprints/ThemeBlueprint.ts,83,6
plugins/azure-functions-backend/src/api/AzureWebManagementApi.ts,plugins/azure-functions-backend/src/api/types.ts,83,6
packages/backend-app-api/src/services/implementations/configService.ts,packages/backend-app-api/src/services/implementations/loggerService.ts,83,6
packages/frontend-plugin-api/src/apis/definitions/ToastApi.ts,plugins/app/src/apis/ToastApiForwarder.ts,83,6
packages/ui/src/components/Flex/definition.ts,packages/ui/src/components/Grid/definition.ts,83,6
plugins/scaffolder/src/components/fields/EntityTagsPicker/index.ts,plugins/scaffolder/src/components/fields/OwnedEntityPicker/index.ts,83,6
packages/docgen/src/docgen/GitHubMarkdownPrinter.ts,packages/docgen/src/docgen/TechdocsMarkdownPrinter.ts,83,6
plugins/circleci/src/pages/DetailedViewPage/lib/ActionOutput/ActionOutput.tsx,plugins/circleci/src/state/models/buildWithSteps.ts,83,6
packages/backend-common/src/context/RootContext.ts,packages/backend-common/src/context/ValueContext.ts,83,6
plugins/azure-functions-backend/src/service/router.ts,plugins/azure-functions/src/mocks/mocks.ts,83,6
plugins/playlist/src/components/CreatePlaylistButton/CreatePlaylistButton.tsx,plugins/playlist/src/components/PlaylistList/PlaylistList.tsx,83,6
plugins/catalog/src/alpha/filter/matchers/createTypeMatcher.ts,plugins/catalog/src/alpha/filter/parseFilterExpression.ts,83,6
packages/docgen/src/docgen/ApiDocsPrinter.ts,packages/docgen/src/docgen/GitHubMarkdownPrinter.ts,83,6
plugins/catalog/src/alpha/filter/matchers/createIsMatcher.ts,plugins/catalog/src/alpha/filter/parseFilterExpression.ts,83,6
packages/frontend-plugin-api/src/apis/definitions/ToastApi.ts,plugins/app/src/components/Toast/types.ts,83,6
packages/backend-common/src/context/AbortContext.ts,packages/backend-common/src/context/Contexts.ts,83,6
plugins/catalog/src/alpha/filter/matchers/createKindMatcher.ts,plugins/catalog/src/alpha/filter/parseFilterExpression.ts,83,6
plugins/catalog/src/alpha/filter/matchers/createHasMatcher.ts,plugins/catalog/src/alpha/filter/parseFilterExpression.ts,83,6
packages/cli/templates/default-app/packages/app/src/setupTests.ts,packages/cli/templates/default-app/plugins/welcome/src/setupTests.ts,83,6
packages/cli/src/commands/onboard/auth/github/index.ts,packages/cli/src/commands/onboard/auth/gitlab/index.ts,83,6
plugins/techdocs-backend/src/techdocs/stages/prepare/index.ts,plugins/techdocs-backend/src/techdocs/stages/prepare/types.ts,83,6
packages/backend-app-api/src/services/implementations/loggerService.ts,packages/backend-app-api/src/services/implementations/urlReaderService.ts,83,6
plugins/azure-functions-backend/src/service/router.ts,plugins/azure-functions/src/plugin.ts,83,6
packages/backend-common/src/context/Contexts.ts,packages/backend-common/src/context/ValueContext.ts,83,6
plugins/azure-functions-backend/src/api/AzureWebManagementApi.ts,plugins/azure-functions/src/api/types.ts,83,6
packages/backend-common/src/context/AbortContext.ts,packages/backend-common/src/context/RootContext.ts,83,6
plugins/azure-functions/src/api/AzureFunctionsBackendClient.ts,plugins/azure-functions/src/components/AzureFunctionsOverviewComponent/AzureFunctionsOverview.tsx,83,6
packages/cli/src/commands/install/install.ts,packages/cli/src/commands/install/types.ts,83,6
plugins/app/src/extensions/IconsApi.ts,plugins/app/src/extensions/TranslationsApi.tsx,83,6
plugins/search-backend-node/src/indexing/BatchSearchEngineIndexer.ts,plugins/search-backend-node/src/indexing/DecoratorBase.ts,83,6
plugins/devtools/src/components/DefaultDevToolsPage/DefaultDevToolsPage.tsx,plugins/devtools/src/components/DevToolsPage/DevToolsPage.tsx,82,9
packages/errors/src/errors/ResponseError.ts,packages/errors/src/serialization/response.ts,82,9
plugins/scaffolder-backend-module-github/src/actions/githubAutolinks.ts,plugins/scaffolder-backend-module-github/src/actions/githubIssuesLabel.ts,82,9
plugins/circleci/src/state/useBuildWithSteps.ts,plugins/circleci/src/state/useBuilds.tsx,82,9
packages/cli/src/modules/create-github-app/index.ts,packages/cli/src/modules/maintenance/index.ts,82,9
plugins/scaffolder/src/components/fields/OwnedEntityPicker/schema.ts,plugins/scaffolder/src/components/fields/OwnerPicker/schema.ts,82,9
plugins/scaffolder-backend-module-github/src/actions/githubDeployKey.ts,plugins/scaffolder-backend-module-github/src/actions/githubIssuesLabel.ts,82,9
packages/cli/src/modules/create-github-app/index.ts,packages/cli/src/modules/migrate/index.ts,82,9
packages/cli/src/modules/create-github-app/index.ts,packages/cli/src/modules/test/index.ts,82,9
plugins/api-docs/src/components/ApisCards/ConsumedApisCard.tsx,plugins/api-docs/src/components/ApisCards/HasApisCard.tsx,81,22
packages/config-loader/src/lib/schema/load.ts,packages/config-loader/src/lib/schema/types.ts,81,19
packages/ui/src/components/Toast/Toast.tsx,packages/ui/src/components/Toast/types.ts,81,14
plugins/bazaar/src/components/EntityBazaarInfoContent/EntityBazaarInfoContent.tsx,plugins/bazaar/src/components/HomePageBazaarInfoCard/HomePageBazaarInfoCard.tsx,81,14
packages/canon/src/components/Icon/icons.ts,packages/canon/src/components/Icon/types.ts,81,11
plugins/splunk-on-call/src/api/client.ts,plugins/splunk-on-call/src/api/types.ts,81,11
plugins/github-release-manager/src/cards/createRc/CreateRc.tsx,plugins/github-release-manager/src/cards/promoteRc/PromoteRcBody.tsx,81,11
plugins/catalog-backend/src/ingestion/processors/BitbucketApiReaderProcessor.ts,plugins/catalog-backend/src/ingestion/processors/GitlabApiReaderProcessor.ts,80,13
packages/ui/src/components/Flex/Flex.tsx,packages/ui/src/components/Grid/Grid.tsx,80,13
plugins/catalog-backend/src/ingestion/processors/AzureApiReaderProcessor.ts,plugins/catalog-backend/src/ingestion/processors/GitlabApiReaderProcessor.ts,80,13
plugins/scaffolder-backend-module-github/src/actions/githubDeployKey.ts,plugins/scaffolder-backend-module-github/src/actions/githubPagesEnable.ts,80,10
plugins/signals-node/src/SignalService.ts,plugins/signals-react/src/api/SignalApi.ts,80,10
plugins/kubernetes/src/components/DeploymentsAccordions/DeploymentsAccordions.tsx,plugins/kubernetes/src/components/IngressesAccordions/IngressesAccordions.tsx,80,8
plugins/catalog/src/filter/EntityFilterGroupsProvider.tsx,plugins/catalog/src/filter/useFilteredEntities.ts,80,8
plugins/kubernetes-backend/src/auth/AwsIamStrategy.ts,plugins/kubernetes-backend/src/auth/GoogleStrategy.ts,80,8
packages/canon/src/components/Link/Link.tsx,packages/canon/src/components/Link/types.ts,80,8
plugins/kubernetes-backend/src/auth/AwsIamStrategy.ts,plugins/kubernetes-backend/src/auth/OidcStrategy.ts,80,8
plugins/catalog-backend/src/next/CatalogProcessingEngineImpl.ts,plugins/catalog-backend/src/next/database/ProcessingDatabaseImpl.ts,80,8
plugins/ilert/src/api/client.ts,plugins/ilert/src/types.ts,80,8
plugins/ilert/src/api/types.ts,plugins/ilert/src/types.ts,80,8
packages/backend-common/src/context/RootContext.ts,packages/backend-common/src/context/types.ts,80,8
packages/catalog-model/src/validation/makeValidator.ts,packages/catalog-model/src/validation/types.ts,80,8
plugins/scaffolder/src/components/fields/EntityNamePicker/schema.ts,plugins/scaffolder/src/components/fields/OwnedEntityPicker/schema.ts,80,8
plugins/scaffolder/src/components/fields/EntityTagsPicker/schema.ts,plugins/scaffolder/src/components/fields/OwnerPicker/schema.ts,80,8
plugins/github-actions/src/components/BuildDetailsPage/BuildDetailsPage.tsx,plugins/github-actions/src/components/BuildListPage/BuildListPage.tsx,80,8
plugins/kubernetes-backend/src/auth/AksStrategy.ts,plugins/kubernetes-backend/src/auth/AwsIamStrategy.ts,80,8
plugins/github-release-manager/src/cards/projectForm/Repo.tsx,plugins/github-release-manager/src/cards/projectForm/VersioningStrategy.tsx,80,8
plugins/catalog-import/src/components/ComponentConfigDisplay.tsx,plugins/catalog-import/src/components/ImportFinished.tsx,80,8
plugins/catalog/src/filter/EntityFilterGroupsProvider.tsx,plugins/catalog/src/filter/context.ts,80,8
packages/canon/src/components/Field/Field.tsx,packages/canon/src/components/Input/Input.tsx,80,8
plugins/pagerduty/src/api/client.ts,plugins/pagerduty/src/api/types.ts,79,27
plugins/api-docs/src/components/ApisCards/ConsumedApisCard.tsx,plugins/api-docs/src/components/ComponentsCards/ConsumingComponentsCard.tsx,78,23
plugins/search-backend-module-elasticsearch/src/engines/index.ts,plugins/search-backend-module-elasticsearch/src/index.ts,78,14
plugins/catalog-backend/src/permissions/rules/createPropertyRule.ts,plugins/catalog-backend/src/permissions/rules/isEntityOwner.ts,78,14
plugins/app/src/extensions/index.ts,plugins/app/src/plugin.ts,78,14
plugins/catalog-backend/src/permissions/rules/createPropertyRule.ts,plugins/catalog-backend/src/permissions/rules/isEntityKind.ts,78,14
plugins/catalog-backend/src/permissions/rules/createPropertyRule.ts,plugins/catalog-backend/src/permissions/rules/hasLabel.ts,78,14
packages/integration/src/azure/AzureIntegration.ts,packages/integration/src/types.ts,78,12
packages/integration/src/bitbucket/BitbucketIntegration.ts,packages/integration/src/github/GitHubIntegration.ts,78,12
plugins/kubernetes-common/src/index.ts,plugins/kubernetes-common/src/permissions.ts,78,12
packages/integration/src/github/GitHubIntegration.ts,packages/integration/src/types.ts,78,12
packages/ui/src/components/Toast/ToastRegion.tsx,packages/ui/src/components/Toast/definition.ts,78,12
plugins/catalog/src/components/HasComponentsCard/HasComponentsCard.tsx,plugins/catalog/src/components/HasSystemsCard/HasSystemsCard.tsx,77,18
plugins/search-backend-module-pg/src/database/DatabaseDocumentStore.ts,plugins/search-backend-module-pg/src/database/types.ts,77,16
packages/cli/src/modules/maintenance/index.ts,packages/cli/src/modules/migrate/index.ts,77,9
plugins/ilert/src/api/client.ts,plugins/ilert/src/api/types.ts,77,9
packages/cli/src/modules/maintenance/index.ts,packages/cli/src/modules/test/index.ts,77,9
packages/cli/src/modules/new/index.ts,packages/cli/src/modules/test/index.ts,77,9
packages/cli/src/modules/maintenance/index.ts,packages/cli/src/modules/new/index.ts,77,9
plugins/scaffolder-backend-module-github/src/actions/githubAutolinks.ts,plugins/scaffolder-backend-module-github/src/actions/githubDeployKey.ts,77,9
packages/cli/src/modules/migrate/index.ts,packages/cli/src/modules/new/index.ts,77,9
plugins/catalog-react/src/alpha/converters/convertLegacyEntityCardExtension.tsx,plugins/catalog-react/src/alpha/converters/convertLegacyEntityContentExtension.tsx,77,9
plugins/badges-backend/src/lib/BadgeBuilder/DefaultBadgeBuilder.ts,plugins/badges-backend/src/lib/BadgeBuilder/types.ts,77,9
packages/cli/src/modules/create-github-app/index.ts,packages/cli/src/modules/lint/index.ts,77,9
plugins/kubernetes-backend/src/kubernetes-auth-translator/GoogleKubernetesAuthTranslator.ts,plugins/kubernetes-backend/src/kubernetes-auth-translator/types.ts,77,9
packages/cli/src/modules/migrate/index.ts,packages/cli/src/modules/test/index.ts,77,9
plugins/catalog/src/components/HasComponentsCard/HasComponentsCard.tsx,plugins/catalog/src/components/HasSubcomponentsCard/HasSubcomponentsCard.tsx,76,20
plugins/git-release-manager/src/features/CreateReleaseCandidate/hooks/useCreateReleaseCandidate.ts,plugins/git-release-manager/src/features/PromoteRc/hooks/usePromoteRc.ts,76,17
plugins/permission-node/src/policy/index.ts,plugins/permission-node/src/policy/types.ts,76,13
packages/canon/src/components/Header/Header.tsx,packages/canon/src/components/Header/types.ts,76,11
plugins/azure-functions-backend/src/service/router.ts,plugins/azure-functions/src/api/AzureFunctionsBackendClient.ts,76,7
plugins/azure-functions-backend/src/api/AzureWebManagementApi.ts,plugins/azure-functions-backend/src/service/router.ts,76,7
plugins/scaffolder/src/components/fields/EntityPicker/index.ts,plugins/scaffolder/src/components/fields/OwnedEntityPicker/index.ts,76,7
plugins/octopus-deploy/src/components/EntityPageOctopusDeploy/EntityPageOctopusDeploy.tsx,plugins/octopus-deploy/src/hooks/useReleases.ts,76,7
packages/cli/src/lib/bundle/server.ts,packages/cli/src/lib/bundle/types.ts,76,7
plugins/git-release-manager/src/features/CreateReleaseCandidate/CreateReleaseCandidate.tsx,plugins/git-release-manager/src/features/Info/Info.tsx,76,7
plugins/openapi-router-common/src/types/common.ts,plugins/openapi-router-common/src/types/index.ts,76,7
packages/backend-plugin-manager/src/manager/plugin-manager.ts,packages/backend-plugin-manager/src/scanner/plugin-scanner.ts,76,7
plugins/openapi-router-common/src/types/index.ts,plugins/openapi-router-common/src/types/requests.ts,76,7
plugins/scaffolder/src/components/fields/EntityPicker/index.ts,plugins/scaffolder/src/components/fields/EntityTagsPicker/index.ts,76,7
plugins/openapi-router-common/src/types/requests.ts,plugins/openapi-router-common/src/types/response.ts,76,7
plugins/kubernetes/src/components/IngressesAccordions/IngressesAccordions.tsx,plugins/kubernetes/src/components/ServicesAccordions/ServicesAccordions.tsx,76,7
plugins/tech-radar/src/components/RadarBubble/RadarBubble.tsx,plugins/tech-radar/src/components/RadarFooter/RadarFooter.tsx,76,7
packages/cli-module-auth/src/commands/login.ts,plugins/catalog-backend/src/processors/FileReaderProcessor.ts,76,7
plugins/airbrake/src/components/AirbrakeWidget/AirbrakeWidget.tsx,plugins/airbrake/src/components/AirbrakeWidget/ExampleData.ts,76,7
plugins/kubernetes/src/components/CustomResources/ArgoRollouts/Rollout.tsx,plugins/kubernetes/src/components/IngressesAccordions/IngressesAccordions.tsx,76,7
plugins/openapi-router-common/src/types/common.ts,plugins/openapi-router-common/src/types/response.ts,76,7
packages/backend-common/src/context/ValueContext.ts,packages/backend-common/src/context/types.ts,76,7
plugins/techdocs/src/reader/components/TechDocsReaderPageContent/context.tsx,plugins/techdocs/src/reader/components/TechDocsReaderPageContent/index.ts,76,7
plugins/circleci/src/state/models/buildWithSteps.ts,plugins/circleci/src/state/models/builds.ts,76,7
plugins/catalog-backend/src/next/CatalogProcessingEngineImpl.ts,plugins/catalog-backend/src/next/ProcessingStateManagerImpl.ts,76,7
packages/config-loader/src/lib/transform/apply.ts,packages/config-loader/src/lib/transform/include.ts,76,7
packages/backend-defaults/src/entrypoints/auth/external/types.ts,packages/backend-defaults/src/entrypoints/auth/index.ts,76,7
packages/ui/src/components/Header/index.tsx,packages/ui/src/components/HeaderPage/types.ts,76,7
plugins/kubernetes-backend/src/auth/AzureIdentityStrategy.ts,plugins/kubernetes-backend/src/auth/DispatchStrategy.ts,76,7
plugins/scaffolder/src/components/fields/EntityTagsPicker/index.ts,plugins/scaffolder/src/components/fields/OwnerPicker/index.ts,76,7
plugins/dynatrace/src/components/DynatraceTab/DynatraceTab.tsx,plugins/dynatrace/src/components/Synthetics/SyntheticsCard/SyntheticsCard.tsx,76,7
packages/backend-common/src/context/AbortContext.ts,packages/backend-common/src/context/types.ts,76,7
plugins/scaffolder/src/lib/filesystem/WebFileSystemAccess.ts,plugins/scaffolder/src/lib/filesystem/index.ts,76,7
packages/theme/src/base/createBaseThemeOptions.ts,packages/theme/src/base/index.ts,76,7
plugins/scaffolder/src/components/fields/OwnedEntityPicker/index.ts,plugins/scaffolder/src/components/fields/OwnerPicker/index.ts,76,7
plugins/octopus-deploy/src/hooks/useReleases.ts,plugins/octopus-deploy/src/utils/getAnnotationFromEntity.ts,76,7
plugins/scaffolder-backend/src/schema/openapi/generated/apis/Api.server.ts,plugins/scaffolder-backend/src/schema/openapi/generated/router.ts,76,7
plugins/app/src/components/Toast/Toast.tsx,plugins/app/src/components/Toast/ToastDisplay.tsx,76,7
packages/integration/src/bitbucket/BitbucketIntegration.ts,packages/integration/src/gitlab/GitLabIntegration.ts,75,12
packages/integration/src/gitlab/GitLabIntegration.ts,packages/integration/src/types.ts,75,12
packages/integration/src/bitbucket/BitbucketIntegration.ts,packages/integration/src/types.ts,75,12
plugins/catalog/src/components/DependsOnComponentsCard/DependsOnComponentsCard.tsx,plugins/catalog/src/components/DependsOnResourcesCard/DependsOnResourcesCard.tsx,75,12
plugins/github-release-manager/src/cards/patchRc/PatchBody.tsx,plugins/github-release-manager/src/cards/promoteRc/PromoteRcBody.tsx,75,12
plugins/incremental-ingestion-backend/src/database/IncrementalIngestionDatabaseManager.ts,plugins/incremental-ingestion-backend/src/types.ts,75,12
packages/cli/src/lib/role/index.ts,packages/cli/src/lib/role/packageRoles.ts,75,8
plugins/techdocs/src/reader/components/TechDocsReaderPage/context.tsx,plugins/techdocs/src/reader/components/TechDocsReaderPageContent/context.tsx,75,8
packages/ui/src/components/ToggleButton/ToggleButton.tsx,packages/ui/src/components/ToggleButton/types.ts,75,8
plugins/search-backend-node/src/alpha.ts,plugins/search-backend/src/alpha.ts,75,8
plugins/github-pull-requests-board/src/components/Card/Card.tsx,plugins/github-pull-requests-board/src/components/PullRequestCard/PullRequestCard.tsx,75,8
packages/ui/src/components/TextField/TextField.tsx,packages/ui/src/components/TextField/types.ts,75,8
plugins/scaffolder/src/components/fields/EntityNamePicker/schema.ts,plugins/scaffolder/src/components/fields/OwnerPicker/schema.ts,75,8
packages/canon/src/components/IconButton/IconButton.tsx,packages/canon/src/components/IconButton/types.ts,75,8
packages/backend-defaults/src/entrypoints/scheduler/lib/LocalTaskWorker.ts,packages/backend-defaults/src/entrypoints/scheduler/lib/TaskWorker.ts,75,8
plugins/gitops-profiles/src/components/ClusterPage/ClusterPage.tsx,plugins/gitops-profiles/src/components/ProfileCatalog/ProfileCatalog.tsx,75,8
packages/cli/src/lib/new/collection/collectTemplateParams.ts,packages/cli/src/lib/new/collection/prompts.ts,75,8
plugins/catalog-backend/src/next/CatalogProcessingEngineImpl.ts,plugins/catalog-backend/src/next/CatalogProcessingOrchestratorImpl.ts,75,8
plugins/scaffolder/src/next/TemplateEditorPage/TemplateEditor.tsx,plugins/scaffolder/src/next/TemplateEditorPage/TemplateEditorForm.tsx,75,8
plugins/kubernetes-backend/src/auth/AzureIdentityStrategy.ts,plugins/kubernetes-backend/src/auth/GoogleServiceAccountStrategy.ts,75,8
packages/catalog-model/src/kinds/GroupEntityV1alpha1.ts,packages/catalog-model/src/kinds/UserEntityV1alpha1.ts,74,18
plugins/api-docs/src/components/ApisCards/ConsumedApisCard.tsx,plugins/api-docs/src/components/ComponentsCards/ProvidingComponentsCard.tsx,73,23
packages/canon/src/components/Heading/Heading.tsx,packages/canon/src/components/Text/Text.tsx,73,21
plugins/github-actions/src/api/GithubActionsApi.ts,plugins/github-actions/src/api/GithubActionsClient.ts,73,19
plugins/scaffolder-backend/src/scaffolder/actions/builtin/github/githubRepoCreate.ts,plugins/scaffolder-backend/src/scaffolder/actions/builtin/github/inputProperties.ts,73,15
packages/cli/src/modules/lint/index.ts,packages/cli/src/modules/migrate/index.ts,73,10
packages/cli/src/modules/lint/index.ts,packages/cli/src/modules/new/index.ts,73,10
plugins/openapi-router-common/src/router.ts,plugins/openapi-router-common/src/types/requests.ts,73,10
plugins/openapi-router-common/src/router.ts,plugins/openapi-router-common/src/types/common.ts,73,10
plugins/scaffolder-backend-module-github/src/actions/githubIssuesLabel.ts,plugins/scaffolder-backend-module-github/src/actions/githubPagesEnable.ts,73,10
packages/cli/src/modules/lint/index.ts,packages/cli/src/modules/test/index.ts,73,10
packages/cli/src/modules/lint/index.ts,packages/cli/src/modules/maintenance/index.ts,73,10
plugins/api-docs/src/components/ApisCards/HasApisCard.tsx,plugins/api-docs/src/components/ApisCards/ProvidedApisCard.tsx,72,24
packages/ui/src/components/Toast/ToastRegion.tsx,packages/ui/src/components/Toast/types.ts,72,13
plugins/auth-react/src/components/CookieAuthRefreshProvider/CookieAuthRefreshProvider.tsx,plugins/auth-react/src/hooks/useCookieAuthRefresh/useCookieAuthRefresh.tsx,72,13
plugins/signals-node/src/SignalService.ts,plugins/signals/src/api/SignalClient.ts,72,11
packages/integration/src/azure/AzureIntegration.ts,packages/integration/src/github/GitHubIntegration.ts,72,11
plugins/techdocs/src/home/components/DefaultTechDocsHome.tsx,plugins/techdocs/src/home/components/TechDocsIndexPage.tsx,72,11
packages/ui/src/components/Toast/Toast.tsx,packages/ui/src/components/Toast/ToastRegion.tsx,72,11
plugins/incremental-ingestion-backend/src/engine/IncrementalIngestionEngine.ts,plugins/incremental-ingestion-backend/src/service/IncrementalCatalogBuilder.ts,72,11
plugins/circleci/src/components/CITable/CITable.tsx,plugins/circleci/src/components/CircleCIFetch/CirleCIFetch.tsx,72,11
packages/core-plugin-api/src/plugin/Plugin.tsx,packages/core-plugin-api/src/plugin/types.ts,71,21
plugins/gcp-projects/src/components/ProjectDetailsPage/ProjectDetailsPage.tsx,plugins/gcp-projects/src/components/ProjectListPage/ProjectListPage.tsx,71,14
plugins/github-release-manager/src/cards/createRc/CreateRc.tsx,plugins/github-release-manager/src/cards/patchRc/PatchBody.tsx,71,14
plugins/app/src/extensions/AppThemeApi.tsx,plugins/app/src/extensions/TranslationsApi.tsx,71,7
packages/canon/src/components/Table/Table.tsx,packages/canon/src/components/Table/index.ts,71,7
packages/frontend-plugin-api/src/extensions/createNavLogoExtension.tsx,packages/frontend-plugin-api/src/extensions/createTranslationExtension.ts,71,7
plugins/kubernetes/src/components/DeploymentsAccordions/DeploymentsAccordions.tsx,plugins/kubernetes/src/components/ServicesAccordions/ServicesAccordions.tsx,71,7
packages/cli/src/modules/build/commands/buildWorkspace.ts,packages/cli/src/modules/new/commands/new.ts,71,7
plugins/app/src/extensions/AppThemeApi.tsx,plugins/app/src/extensions/IconsApi.ts,71,7
packages/cli/src/commands/admin/auth/files.ts,packages/cli/src/commands/admin/auth/github/oauth.ts,71,7
plugins/auth-node/src/DefaultIdentityClient.ts,plugins/auth-node/src/IdentityApi.ts,71,7
plugins/catalog-backend/src/ingestion/descriptors/ComponentDescriptorV1beta1Parser.ts,plugins/catalog-backend/src/ingestion/descriptors/DescriptorEnvelopeParser.ts,71,7
plugins/kubernetes-backend/src/auth/DispatchStrategy.ts,plugins/kubernetes-backend/src/auth/OidcStrategy.ts,71,7
packages/backend-common/src/context/Contexts.ts,packages/backend-common/src/context/RootContext.ts,71,7
packages/cli/src/lib/new/collection/collectTemplateParams.ts,packages/cli/src/lib/new/execution/executeTemplate.ts,71,7
packages/backend/src/plugins/linguist.ts,plugins/linguist-backend/src/service/standaloneServer.ts,71,7
plugins/signals-node/src/DefaultSignalService.ts,plugins/signals-react/src/hooks/useSignal.ts,71,7
plugins/scaffolder/src/layouts/index.tsx,plugins/scaffolder/src/layouts/types.ts,71,7
packages/core-api/src/apis/implementations/auth/auth0/Auth0Auth.ts,packages/core-api/src/apis/implementations/auth/gitlab/GitlabAuth.ts,71,7
packages/core/src/layout/Sidebar/Intro.tsx,plugins/cloudbuild/src/components/WorkflowRunDetails/useWorkflowRunJobs.ts,71,7
plugins/nomad/src/api.ts,plugins/nomad/src/components/GroupList/GroupListForEntity.tsx,71,7
plugins/ilert/src/api/index.ts,plugins/ilert/src/api/types.ts,71,7
plugins/rollbar/src/components/EntityPageRollbar/EntityPageRollbar.tsx,plugins/rollbar/src/components/Router.tsx,71,7
packages/frontend-plugin-api/src/apis/definitions/ToastApi.ts,plugins/app/src/components/Toast/ToastDisplay.tsx,71,7
packages/backend-defaults/src/entrypoints/systemMetadata/lib/createSystemMetadataRouter.ts,packages/backend-plugin-api/src/services/definitions/SystemMetadataService.ts,71,7
plugins/catalog-backend/src/next/ProcessingStateManagerImpl.ts,plugins/catalog-backend/src/next/database/ProcessingDatabaseImpl.ts,71,7
plugins/kubernetes-cluster/src/components/KubernetesClusterContent/KubernetesClusterContent.tsx,plugins/kubernetes/src/RequireKubernetesPermissions.tsx,71,7
plugins/user-settings/src/components/DefaultSettingsPage/DefaultSettingsPage.tsx,plugins/user-settings/src/components/SettingsLayout/SettingsLayout.tsx,71,7
plugins/git-release-manager/src/features/Info/Info.tsx,plugins/git-release-manager/src/features/Patch/Patch.tsx,71,7
plugins/scaffolder/src/components/fields/EntityTagsPicker/schema.ts,plugins/scaffolder/src/components/fields/RepoUrlPicker/schema.ts,71,7
plugins/techdocs-node/src/extensions.ts,plugins/techdocs-node/src/index.ts,71,7
plugins/catalog-backend/src/service/request/basicEntityFilter.ts,plugins/catalog-backend/src/service/request/parseEntityFilterParams.ts,71,7
plugins/octopus-deploy/src/components/EntityPageOctopusDeploy/EntityPageOctopusDeploy.tsx,plugins/octopus-deploy/src/utils/getAnnotationFromEntity.ts,71,7
plugins/kubernetes-backend/src/auth/DispatchStrategy.ts,plugins/kubernetes-backend/src/auth/GoogleStrategy.ts,71,7
plugins/catalog-backend/src/next/CatalogProcessingOrchestratorImpl.ts,plugins/catalog-backend/src/next/LocationServiceImpl.ts,71,7
plugins/techdocs-addons/src/context.tsx,plugins/techdocs-addons/src/index.ts,71,7
packages/backend-common/src/reading/BitbucketCloudUrlReader.ts,packages/backend-common/src/reading/BitbucketServerUrlReader.ts,71,7
plugins/techdocs-addons/src/index.ts,plugins/techdocs-addons/src/types.ts,71,7
plugins/home/src/api/LocalStorageVisitsApi.ts,plugins/home/src/api/VisitsApiFactory.ts,71,7
plugins/cicd-statistics/src/charts/stage-chart.tsx,plugins/cicd-statistics/src/charts/status-chart.tsx,71,7
plugins/kubernetes-backend/src/auth/AksStrategy.ts,plugins/kubernetes-backend/src/auth/DispatchStrategy.ts,71,7
packages/cli/src/wiring/CliInitializer.ts,packages/cli/src/wiring/types.ts,70,20
plugins/scaffolder-backend/src/scaffolder/stages/prepare/azure.ts,plugins/scaffolder-backend/src/scaffolder/stages/prepare/gitlab.ts,70,20
packages/cli/src/modules/config/index.ts,packages/cli/src/modules/migrate/index.ts,70,10
plugins/vault/src/api.ts,plugins/vault/src/components/EntityVaultTable/EntityVaultTable.tsx,70,10
plugins/catalog-react/src/components/UserListPicker/useOwnedEntitiesCount.ts,plugins/catalog-react/src/components/UserListPicker/useStarredEntitiesCount.ts,70,10
plugins/github-pull-requests-board/src/components/Card/Card.tsx,plugins/github-pull-requests-board/src/components/Card/CardHeader.tsx,70,10
plugins/scaffolder-backend-module-github/src/actions/githubAutolinks.ts,plugins/scaffolder-backend-module-github/src/actions/githubPagesEnable.ts,70,10
plugins/tech-radar/src/components/Radar/Radar.tsx,plugins/tech-radar/src/components/Radar/utils.ts,70,10
plugins/catalog/src/alpha/components/EntityTabs/EntityTabs.tsx,plugins/catalog/src/alpha/components/EntityTabs/EntityTabsList.tsx,70,10
plugins/scaffolder-backend-module-github/src/actions/githubActionsDispatch.ts,plugins/scaffolder-backend-module-github/src/actions/githubIssuesLabel.ts,70,10
plugins/events-backend-module-kafka/src/publisher/KafkaConsumerClient.ts,plugins/events-backend-module-kafka/src/publisher/config.ts,70,9
packages/ui/src/components/Card/definition.ts,packages/ui/src/components/Card/types.ts,70,9
packages/core/src/api/apis/implementations/OAuthRequestManager/OAuthPendingRequests.ts,packages/core/src/api/apis/implementations/OAuthRequestManager/OAuthRequestManager.ts,70,9
plugins/cloudbuild/src/api/CloudbuildApi.ts,plugins/cloudbuild/src/components/useWorkflowRuns.ts,70,9
plugins/kubernetes-backend/src/auth/AksStrategy.ts,plugins/kubernetes-backend/src/auth/GoogleServiceAccountStrategy.ts,70,9
plugins/kubernetes-backend/src/auth/GoogleServiceAccountStrategy.ts,plugins/kubernetes-backend/src/auth/GoogleStrategy.ts,70,9
plugins/kubernetes-backend/src/auth/GoogleServiceAccountStrategy.ts,plugins/kubernetes-backend/src/auth/OidcStrategy.ts,70,9
plugins/scaffolder/src/next/TemplateEditorPage/TemplateEditor.tsx,plugins/scaffolder/src/next/TemplateEditorPage/TemplateFormPreviewer.tsx,70,9
plugins/tech-radar/src/index.ts,plugins/tech-radar/src/plugin.ts,70,9
packages/cli/src/modules/build/commands/package/start/command.ts,packages/cli/src/modules/build/commands/repo/start.ts,70,9
packages/ui/src/components/TablePagination/TablePagination.tsx,packages/ui/src/components/TablePagination/types.ts,70,9
plugins/todo/src/api/types.ts,plugins/todo/src/components/TodoList/TodoList.tsx,70,9
packages/ui/src/components/Flex/types.ts,packages/ui/src/components/Grid/types.ts,70,9
plugins/search-react/src/context/index.tsx,plugins/search-react/src/index.ts,70,9
packages/frontend-plugin-api/src/extensions/createNavLogoExtension.tsx,packages/frontend-plugin-api/src/extensions/createSignInPageExtension.tsx,70,9
plugins/api-docs/src/components/ApisCards/ProvidedApisCard.tsx,plugins/api-docs/src/components/ComponentsCards/ProvidingComponentsCard.tsx,69,25
plugins/api-docs/src/components/ApisCards/ProvidedApisCard.tsx,plugins/api-docs/src/components/ComponentsCards/ConsumingComponentsCard.tsx,69,25
plugins/cicd-statistics/src/apis/types.ts,plugins/cicd-statistics/src/entity-page.tsx,69,13
plugins/pagerduty/src/components/Escalation/EscalationUser.tsx,plugins/pagerduty/src/components/Incident/IncidentListItem.tsx,69,12
packages/frontend-plugin-api/src/extensions/createNavItemExtension.tsx,packages/frontend-plugin-api/src/extensions/createThemeExtension.ts,69,12
packages/integration/src/azure/AzureIntegration.ts,packages/integration/src/gitlab/GitLabIntegration.ts,69,12
packages/cli/src/commands/backend/dev.ts,packages/cli/src/commands/plugin/export.ts,69,12
packages/integration/src/azure/AzureIntegration.ts,packages/integration/src/bitbucket/BitbucketIntegration.ts,69,12
packages/cli/src/commands/app/serve.ts,packages/cli/src/commands/plugin/serve.ts,68,31
plugins/kubernetes/src/api/KubernetesBackendClient.ts,plugins/kubernetes/src/api/types.ts,68,21
packages/ui/src/components/Header/Header.tsx,packages/ui/src/components/Header/types.ts,68,15
plugins/catalog/src/components/HasComponentsCard/HasComponentsCard.tsx,plugins/catalog/src/components/HasResourcesCard/HasResourcesCard.tsx,68,15
packages/integration/src/ScmIntegrations.ts,packages/integration/src/registry.ts,68,15
plugins/azure-devops/src/api/AzureDevOpsApi.ts,plugins/azure-devops/src/api/AzureDevOpsClient.ts,67,31
plugins/notifications-backend/src/database/DatabaseNotificationsStore.ts,plugins/notifications-backend/src/database/NotificationsStore.ts,66,27
plugins/catalog-backend-module-gitlab/src/__testUtils__/handlers.ts,plugins/catalog-backend-module-gitlab/src/__testUtils__/mocks.ts,66,21
plugins/api-docs/src/components/ApisCards/HasApisCard.tsx,plugins/api-docs/src/components/ComponentsCards/ConsumingComponentsCard.tsx,66,21
plugins/github-release-manager/src/api/PluginApiClient.ts,plugins/github-release-manager/src/test-helpers/test-helpers.ts,66,18
plugins/linguist-backend/src/api/LinguistBackendApi.ts,plugins/linguist-backend/src/service/router.ts,66,15
plugins/newrelic-dashboard/src/components/NewRelicDashboard/DashboardSnapshotList/DashboardSnapshot.tsx,plugins/newrelic-dashboard/src/components/NewRelicDashboard/DashboardSnapshotList/DashboardSnapshotList.tsx,66,15
plugins/github-release-manager/src/api/PluginApiClient.ts,plugins/github-release-manager/src/cards/patchRc/sideEffects/patch.ts,66,15
packages/frontend-app-api/src/extensions/CoreLayout.tsx,packages/frontend-app-api/src/extensions/CoreRoutes.tsx,66,14
plugins/signals-backend/src/plugin.ts,plugins/signals-backend/src/service/router.ts,66,14
plugins/search/src/components/SearchFilter/SearchFilter.Autocomplete.tsx,plugins/search/src/components/SearchFilter/SearchFilter.tsx,66,12
plugins/signals-backend/src/service/standaloneServer.ts,plugins/signals-node/src/types.ts,66,12
plugins/bazaar/src/components/ProjectCard/ProjectCard.tsx,plugins/bazaar/src/components/ProjectPreview/ProjectPreview.tsx,66,12
plugins/kubernetes/src/kubernetes-auth-provider/GoogleKubernetesAuthProvider.ts,plugins/kubernetes/src/kubernetes-auth-provider/types.ts,66,11
plugins/techdocs/src/home/components/DocsCardGrid.tsx,plugins/techdocs/src/home/components/DocsTable.tsx,66,11
plugins/catalog/src/components/CatalogTable/CursorPaginatedCatalogTable.tsx,plugins/catalog/src/components/CatalogTable/OffsetPaginatedCatalogTable.tsx,66,11
plugins/scaffolder-backend-module-github/src/actions/githubActionsDispatch.ts,plugins/scaffolder-backend-module-github/src/actions/githubDeployKey.ts,66,11
packages/cli/src/modules/info/index.ts,packages/cli/src/modules/migrate/index.ts,66,11
plugins/scaffolder-backend-module-github/src/actions/githubActionsDispatch.ts,plugins/scaffolder-backend-module-github/src/actions/githubAutolinks.ts,66,11
plugins/pagerduty/src/api/pagerDutyClient.ts,plugins/pagerduty/src/components/PagerDutyServiceCard.tsx,66,11
plugins/techdocs/src/home/components/Tables/DocsTable.tsx,plugins/techdocs/src/home/components/Tables/columns.tsx,66,11
plugins/pagerduty/src/components/Incidents.tsx,plugins/pagerduty/src/components/PagerDutyServiceCard.tsx,66,11
plugins/cloudbuild/src/api/CloudbuildClient.ts,plugins/cloudbuild/src/components/useWorkflowRuns.ts,66,11
plugins/scaffolder-backend-module-github/src/actions/githubBranchProtection.ts,plugins/scaffolder-backend-module-github/src/actions/githubDeployKey.ts,66,11
plugins/search-backend-module-explore/src/alpha.ts,plugins/search-backend-module-techdocs/src/alpha.ts,66,11
plugins/signals-node/src/DefaultSignalService.ts,plugins/signals-node/src/types.ts,66,11
packages/canon/src/components/Inline/Inline.tsx,packages/canon/src/components/Stack/Stack.tsx,66,11
plugins/airbrake/src/index.ts,plugins/airbrake/src/plugin.ts,66,11
plugins/catalog/src/components/ComponentContextMenu/ComponentContextMenu.tsx,plugins/catalog/src/components/ComponentRemovalDialog/ComponentRemovalDialog.tsx,66,11
plugins/catalog-react/src/components/InspectEntityDialog/components/AncestryPage.tsx,plugins/catalog-react/src/components/InspectEntityDialog/components/ColocatedPage.tsx,66,9
plugins/techdocs-backend/src/techdocs/stages/prepare/dir.ts,plugins/techdocs-backend/src/techdocs/stages/prepare/github.ts,66,9
plugins/incremental-ingestion-backend/src/database/IncrementalIngestionDatabaseManager.ts,plugins/incremental-ingestion-backend/src/database/migrations.ts,66,9
plugins/kubernetes-backend/src/kubernetes-auth-translator/GoogleKubernetesAuthTranslator.ts,plugins/kubernetes-backend/src/kubernetes-auth-translator/ServiceAccountKubernetesAuthTranslator.ts,66,9
plugins/kubernetes-backend/src/auth/AwsIamStrategy.ts,plugins/kubernetes-backend/src/auth/GoogleServiceAccountStrategy.ts,66,9
packages/config-loader/src/sources/MutableConfigSource.ts,packages/config-loader/src/sources/StaticConfigSource.ts,66,9
plugins/permission-node/src/integration/createConditionExports.ts,plugins/permission-node/src/integration/createConditionFactory.ts,66,9
packages/ui/src/components/Header/index.tsx,packages/ui/src/components/Header/types.ts,66,9
plugins/catalog-react/src/apis/StarredEntitiesApi/DefaultStarredEntitiesApi.ts,plugins/catalog-react/src/apis/StarredEntitiesApi/StarredEntitiesApi.ts,66,9
packages/cli/src/lib/create/factories/backendPlugin.ts,packages/cli/src/lib/create/factories/frontendPlugin.ts,66,9
packages/backend-defaults/src/entrypoints/auth/authServiceFactory.ts,packages/backend-defaults/src/entrypoints/auth/index.ts,66,9
plugins/events-backend-module-kafka/src/publisher/KafkaConsumingEventPublisher.ts,plugins/events-backend-module-kafka/src/publisher/config.ts,66,8
packages/cli/src/lib/role/packageRoles.ts,packages/cli/src/lib/role/types.ts,66,8
plugins/catalog-react/src/components/InspectEntityDialog/InspectEntityDialog.tsx,plugins/catalog-react/src/components/InspectEntityDialog/components/ColocatedPage.tsx,66,8
plugins/catalog-backend/src/next/CatalogProcessingOrchestratorImpl.ts,plugins/catalog-backend/src/next/ProcessingStateManagerImpl.ts,66,8
plugins/cicd-statistics/src/charts/status-chart.tsx,plugins/cicd-statistics/src/components/chart-filters.tsx,66,8
plugins/incremental-ingestion-backend/src/routes.ts,plugins/incremental-ingestion-backend/src/service/IncrementalCatalogBuilder.ts,66,8
packages/core-api/src/apis/definitions/FeatureFlagsApi.ts,packages/core-api/src/app/FeatureFlags.tsx,66,8
packages/backend-plugin-api/src/services/definitions/ActionsRegistryService.ts,packages/backend-plugin-api/src/services/definitions/ActionsService.ts,66,8
packages/cli/src/lib/new/collection/collectTemplateParams.ts,packages/cli/src/lib/new/execution/utils.ts,66,8
plugins/scaffolder/src/components/fields/EntityNamePicker/schema.ts,plugins/scaffolder/src/components/fields/RepoUrlPicker/schema.ts,66,8
plugins/kubernetes-backend/src/kubernetes-auth-translator/NoopKubernetesAuthTranslator.ts,plugins/kubernetes-backend/src/kubernetes-auth-translator/OidcKubernetesAuthTranslator.ts,66,8
plugins/dynatrace/src/api/DynatraceClient.ts,plugins/dynatrace/src/components/DynatraceTab/DynatraceTab.tsx,66,8
plugins/cicd-statistics/src/charts/stage-chart.tsx,plugins/cicd-statistics/src/components/chart-filters.tsx,66,8
plugins/catalog-react/src/components/UserListPicker/useAllEntitiesCount.ts,plugins/catalog-react/src/components/UserListPicker/useStarredEntitiesCount.ts,66,8
packages/cli/src/commands/admin/auth/github/index.ts,packages/cli/src/commands/admin/auth/github/oauth.ts,66,8
plugins/kubernetes-backend/src/auth/AwsIamStrategy.ts,plugins/kubernetes-backend/src/auth/DispatchStrategy.ts,66,8
plugins/dynatrace/src/api/DynatraceClient.ts,plugins/dynatrace/src/plugin.ts,66,8
plugins/scaffolder/src/next/TemplateEditorPage/TemplateEditor.tsx,plugins/scaffolder/src/next/TemplateEditorPage/TemplateEditorBrowser.tsx,66,8
packages/docgen/src/docgen/GitHubMarkdownPrinter.ts,packages/docgen/src/docgen/types.ts,66,8
packages/frontend-plugin-api/src/apis/system/ApiRef.ts,packages/frontend-plugin-api/src/apis/system/types.ts,66,8
plugins/notifications-backend/src/database/NotificationsStore.ts,plugins/notifications/src/api/NotificationsApi.ts,64,17
packages/backend-app-api/src/services/implementations/httpAuth/httpAuthServiceFactory.ts,packages/backend-plugin-api/src/services/definitions/HttpAuthService.ts,64,16
plugins/bazaar/src/api.ts,plugins/bazaar/src/components/EntityBazaarInfoCard/EntityBazaarInfoCard.tsx,64,16
packages/ui/src/hooks/useDefinition/types.ts,packages/ui/src/hooks/useDefinition/useDefinition.tsx,64,16
plugins/catalog-backend/src/ingestion/processors/BitbucketDiscoveryProcessor.ts,plugins/catalog-backend/src/ingestion/processors/bitbucket/client.ts,64,14
plugins/events-backend/src/service/hub/MemoryEventBusStore.ts,plugins/events-backend/src/service/hub/types.ts,64,13
plugins/catalog/src/components/DependsOnResourcesCard/DependsOnResourcesCard.tsx,plugins/catalog/src/components/HasResourcesCard/HasResourcesCard.tsx,64,13
packages/integration/src/gerrit/core.ts,packages/integration/src/gerrit/index.ts,64,13
plugins/catalog/src/components/DependsOnComponentsCard/DependsOnComponentsCard.tsx,plugins/catalog/src/components/HasResourcesCard/HasResourcesCard.tsx,64,13
plugins/catalog-node/src/catalogService.ts,plugins/catalog-node/src/testUtils/types.ts,63,11
plugins/incremental-ingestion-backend/src/service/IncrementalCatalogBuilder.ts,plugins/incremental-ingestion-backend/src/types.ts,63,11
packages/core-api/src/plugin/Plugin.tsx,packages/core-api/src/plugin/types.ts,63,11
packages/core-api/src/apis/definitions/StorageApi.ts,packages/core-api/src/apis/implementations/StorageApi/WebStorage.ts,63,11
packages/core-app-api/src/apis/implementations/auth/github/GithubAuth.ts,packages/core-app-api/src/apis/implementations/auth/saml/SamlAuth.ts,63,11
plugins/cicd-statistics/src/charts/status-chart.tsx,plugins/cicd-statistics/src/entity-page.tsx,63,10
packages/cli/src/commands/plugin/export.ts,packages/config-loader/src/lib/resolver.ts,63,10
packages/ui/src/components/Toast/Toast.tsx,packages/ui/src/components/Toast/ToastQueue.ts,63,10
plugins/github-release-manager/src/cards/createRc/sideEffects/createRc.ts,plugins/github-release-manager/src/cards/patchRc/sideEffects/patch.ts,63,10
plugins/catalog-backend/src/ingestion/processors/FileReaderProcessor.ts,plugins/catalog-backend/src/ingestion/processors/YamlProcessor.ts,63,10
packages/ui/src/components/Header/types.ts,packages/ui/src/components/HeaderPage/types.ts,63,10
plugins/cicd-statistics/src/charts/stage-chart.tsx,plugins/cicd-statistics/src/entity-page.tsx,63,10
plugins/catalog-react/src/components/InspectEntityDialog/components/ColocatedPage.tsx,plugins/catalog-react/src/components/InspectEntityDialog/components/OverviewPage.tsx,63,10
plugins/catalog-react/src/components/UserListPicker/useAllEntitiesCount.ts,plugins/catalog-react/src/components/UserListPicker/useOwnedEntitiesCount.ts,63,10
packages/cli/src/modules/config/index.ts,packages/cli/src/modules/create-github-app/index.ts,63,10
packages/cli/src/modules/migrate/index.ts,packages/cli/src/modules/translations/index.ts,63,10
packages/canon/src/components/Inline/types.ts,packages/canon/src/components/Stack/types.ts,63,10
plugins/catalog-react/src/alpha/predicates/evaluateEntityPredicate.ts,plugins/catalog-react/src/alpha/predicates/types.ts,63,10
plugins/bazaar/src/components/InputField/InputField.tsx,plugins/bazaar/src/types.ts,63,10
plugins/signals-backend/src/service/standaloneServer.ts,plugins/signals-node/src/DefaultSignalService.ts,63,10
packages/ui/src/components/Card/Card.tsx,packages/ui/src/components/Card/types.ts,63,10
plugins/sonarqube/dev/index.tsx,plugins/sonarqube/src/plugin.ts,63,10
packages/backend-plugin-api/src/alpha/index.ts,packages/backend-plugin-api/src/alpha/refs.ts,63,10
packages/theme/src/themes.ts,packages/theme/src/types.ts,62,54
plugins/scaffolder-backend/src/scaffolder/stages/prepare/github.ts,plugins/scaffolder-backend/src/scaffolder/stages/prepare/gitlab.ts,62,27
packages/core-api/src/routing/RouteRef.ts,packages/core-api/src/routing/types.ts,62,26
plugins/catalog-backend-module-incremental-ingestion/src/engine/IncrementalIngestionEngine.ts,plugins/catalog-backend-module-incremental-ingestion/src/types.ts,62,26
plugins/search-react/src/components/DefaultResultListItem/DefaultResultListItem.tsx,plugins/techdocs/src/search/components/TechDocsSearchResultListItem.tsx,62,16
packages/canon/src/components/Text/Text.tsx,packages/canon/src/components/Text/types.ts,62,16
plugins/scaffolder/src/components/fields/OwnedEntityPicker/schema.ts,plugins/scaffolder/src/components/fields/RepoUrlPicker/schema.ts,62,8
packages/config-loader/src/lib/transform/include.ts,packages/config-loader/src/lib/transform/types.ts,62,8
plugins/kubernetes-backend/src/auth/AzureIdentityStrategy.ts,plugins/kubernetes-backend/src/auth/types.ts,62,8
plugins/catalog-import/src/components/StepFinishImportLocation/StepFinishImportLocation.tsx,plugins/catalog-import/src/components/useImportState.ts,62,8
plugins/openapi-router-common/src/router.ts,plugins/openapi-router-common/src/types/response.ts,62,8
plugins/catalog-react/src/components/InspectEntityDialog/components/AncestryPage.tsx,plugins/catalog-react/src/components/InspectEntityDialog/components/JsonPage.tsx,62,8
plugins/circleci/src/components/Layout/Layout.tsx,plugins/circleci/src/pages/DetailedViewPage/lib/ActionOutput/ActionOutput.tsx,62,8
plugins/circleci/src/state/useBuildWithSteps.ts,plugins/circleci/src/state/useSettings.ts,62,8
plugins/circleci/src/components/Layout/Layout.tsx,plugins/circleci/src/state/models/buildWithSteps.ts,62,8
plugins/incremental-ingestion-backend/src/database/migrations.ts,plugins/incremental-ingestion-backend/src/service/IncrementalCatalogBuilder.ts,62,8
plugins/scaffolder/src/next/TemplateEditorPage/CustomFieldExplorer.tsx,plugins/scaffolder/src/next/TemplateEditorPage/TemplateFormPreviewer.tsx,62,8
packages/core-app-api/src/apis/implementations/OAuthRequestApi/OAuthRequestManager.ts,packages/core-plugin-api/src/apis/definitions/OAuthRequestApi.ts,62,8
plugins/signals-node/src/DefaultSignalService.ts,plugins/signals-react/src/api/SignalApi.ts,62,8
plugins/github-release-manager/src/cards/patchRc/sideEffects/patch.ts,plugins/github-release-manager/src/cards/promoteRc/sideEffects/promoteRc.ts,62,8
plugins/kubernetes-backend/src/kubernetes-auth-translator/GoogleKubernetesAuthTranslator.ts,plugins/kubernetes-backend/src/kubernetes-auth-translator/NoopKubernetesAuthTranslator.ts,62,8
packages/frontend-plugin-api/src/extensions/createNavLogoExtension.tsx,packages/frontend-plugin-api/src/extensions/createThemeExtension.ts,62,8
plugins/user-settings/src/components/General/UserSettingsGeneral.tsx,plugins/user-settings/src/components/General/UserSettingsProfileCard.tsx,62,8
packages/core-components/src/layout/SignInPage/auth0Provider.tsx,packages/core-components/src/layout/SignInPage/commonProvider.tsx,62,8
plugins/scaffolder-backend/src/scaffolder/templater/cookiecutter.ts,plugins/scaffolder-backend/src/scaffolder/templater/index.ts,62,8
packages/core-app-api/src/apis/implementations/auth/onelogin/OneLoginAuth.ts,packages/core-app-api/src/apis/implementations/auth/types.ts,62,8
packages/docgen/src/docgen/ApiDocPrinter.ts,packages/docgen/src/generate.ts,62,8
packages/frontend-plugin-api/src/extensions/createThemeExtension.ts,packages/frontend-plugin-api/src/extensions/createTranslationExtension.ts,62,8
packages/cli/src/lib/__testUtils__/createFeatureEnvironment.ts,packages/cli/src/lib/typeDistProject.ts,62,8
packages/core-plugin-api/src/analytics/AnalyticsContext.tsx,packages/core-plugin-api/src/analytics/types.ts,62,8
packages/cli/src/modules/build/commands/package/start/command.ts,packages/cli/src/modules/build/commands/package/start/startPackage.ts,62,8
plugins/github-release-manager/src/cards/patchRc/Patch.tsx,plugins/github-release-manager/src/cards/patchRc/sideEffects/patch.ts,62,8
plugins/catalog/src/api/CatalogClient.ts,plugins/catalog/src/api/types.ts,61,31
packages/frontend-plugin-api/src/index.ts,packages/frontend-plugin-api/src/types.ts,61,21
plugins/api-docs/src/components/ApisCards/HasApisCard.tsx,plugins/api-docs/src/components/ComponentsCards/ProvidingComponentsCard.tsx,61,21
plugins/scaffolder-backend-module-github/src/actions/github.ts,plugins/scaffolder-backend-module-github/src/actions/githubRepoCreate.ts,61,21
plugins/notifications-backend/src/database/NotificationsStore.ts,plugins/notifications/src/api/NotificationsClient.ts,61,20
packages/core-api/src/apis/implementations/auth/github/GithubAuth.ts,packages/core-api/src/apis/implementations/auth/google/GoogleAuth.ts,61,20
packages/config-loader/src/sources/FileConfigSource.ts,packages/config-loader/src/sources/RemoteConfigSource.ts,61,18
packages/catalog-model/src/index.ts,packages/catalog-model/src/types.ts,61,13
plugins/catalog/src/alpha/components/EntityLayout/EntityLayout.tsx,plugins/catalog/src/alpha/components/EntityTabs/EntityTabsList.tsx,61,13
plugins/incremental-ingestion-backend/src/engine/IncrementalIngestionEngine.ts,plugins/incremental-ingestion-backend/src/types.ts,61,13
plugins/git-release-manager/src/features/Patch/Patch.tsx,plugins/git-release-manager/src/features/Patch/PatchBody.tsx,61,13
plugins/notifications/src/components/NotificationsPage/NotificationsPage.tsx,plugins/notifications/src/components/NotificationsTable/NotificationsTable.tsx,60,27
packages/config-loader/src/lib/schema/filtering.ts,packages/config-loader/src/lib/schema/types.ts,60,17
packages/techdocs-common/src/stages/publish/publish.ts,packages/techdocs-common/src/stages/publish/types.ts,60,17
plugins/bazaar-backend/src/service/router.ts,plugins/bazaar/src/api.ts,60,17
plugins/bazaar/src/components/AddProjectDialog/AddProjectDialog.tsx,plugins/bazaar/src/components/SortView/SortView.tsx,60,17
packages/frontend-plugin-api/src/blueprints/PageBlueprint.tsx,packages/frontend-plugin-api/src/components/PageLayout.tsx,60,17
plugins/tech-radar/src/components/RadarEntry/RadarEntry.tsx,plugins/tech-radar/src/components/RadarPlot/RadarPlot.tsx,60,15
packages/frontend-app-api/src/extensions/Core.tsx,packages/frontend-app-api/src/extensions/CoreLayout.tsx,60,15
plugins/scaffolder-backend-module-github/src/actions/githubIssuesLabel.ts,plugins/scaffolder-backend-module-github/src/actions/githubWebhook.ts,60,12
plugins/techdocs/src/reader/components/TechDocsReaderPageContent/context.tsx,plugins/techdocs/src/reader/components/index.ts,60,12
plugins/bazaar/src/components/AddProjectDialog/AddProjectDialog.tsx,plugins/bazaar/src/types.ts,60,12
packages/theme/src/v4/baseTheme.ts,packages/theme/src/v4/types.ts,60,12
plugins/graphiql/src/index.ts,plugins/graphiql/src/plugin.ts,60,12
plugins/scaffolder-backend-module-github/src/actions/githubBranchProtection.ts,plugins/scaffolder-backend-module-github/src/actions/githubPagesEnable.ts,60,12
plugins/circleci/src/pages/BuildsPage/lib/Builds/Builds.tsx,plugins/circleci/src/pages/BuildsPage/lib/CITable/CITable.tsx,60,12
packages/cli/src/lib/packager/config.ts,packages/cli/src/lib/packager/packager.ts,60,12
packages/cli/src/modules/config/index.ts,packages/cli/src/modules/info/index.ts,60,12
plugins/scaffolder-backend-module-github/src/actions/githubActionsDispatch.ts,plugins/scaffolder-backend-module-github/src/actions/githubPagesEnable.ts,60,12
packages/errors/src/errors/CustomErrorBase.ts,packages/errors/src/errors/common.ts,60,12
plugins/catalog-unprocessed-entities/src/alpha/plugin.tsx,plugins/notifications/src/alpha.tsx,60,12
packages/cli/src/modules/config/index.ts,packages/cli/src/modules/maintenance/index.ts,60,10
plugins/scaffolder-backend/src/scaffolder/actions/builtin/filesystem/delete.ts,plugins/scaffolder-backend/src/scaffolder/actions/builtin/filesystem/rename.ts,60,10
plugins/azure-devops/src/constants.ts,plugins/azure-devops/src/hooks/useProjectRepoFromEntity.ts,60,10
packages/cli/src/modules/config/index.ts,packages/cli/src/modules/new/index.ts,60,10
plugins/catalog-node/src/testUtils/catalogServiceMock.ts,plugins/catalog-node/src/testUtils/types.ts,60,10
plugins/catalog/src/components/DependencyOfComponentsCard/DependencyOfComponentsCard.tsx,plugins/catalog/src/components/DependsOnComponentsCard/DependsOnComponentsCard.tsx,60,10
packages/cli/src/modules/create-github-app/index.ts,packages/cli/src/modules/info/index.ts,60,10
plugins/circleci/src/components/PluginHeader/PluginHeader.tsx,plugins/circleci/src/pages/BuildsPage/lib/CITable/CITable.tsx,60,10
plugins/incremental-ingestion-backend/src/database/IncrementalIngestionDatabaseManager.ts,plugins/incremental-ingestion-backend/src/service/IncrementalCatalogBuilder.ts,60,10
packages/cli/src/modules/config/index.ts,packages/cli/src/modules/test/index.ts,60,10
plugins/catalog-react/src/alpha/predicates/createEntityPredicateSchema.ts,plugins/catalog-react/src/alpha/predicates/evaluateEntityPredicate.ts,60,10
plugins/notifications/src/alpha.tsx,plugins/signals/src/alpha.tsx,60,10
packages/ui/src/components/Grid/Grid.tsx,packages/ui/src/components/Grid/types.ts,60,10
plugins/notifications-backend/src/plugin.ts,plugins/notifications-node/src/lib.ts,60,10
plugins/scaffolder-backend-module-github/src/actions/githubIssuesLabel.ts,plugins/scaffolder-backend-module-github/src/actions/githubRepoPush.ts,60,10
plugins/scaffolder-backend-module-gitlab/src/actions/createGitlabProjectAccessTokenAction.ts,plugins/scaffolder-backend-module-gitlab/src/actions/createGitlabProjectVariableAction.ts,60,10
plugins/pagerduty/src/components/Escalation.tsx,plugins/pagerduty/src/components/PagerDutyServiceCard.tsx,60,10
plugins/scaffolder-backend-module-gitlab/src/actions/createGitlabProjectAccessTokenAction.ts,plugins/scaffolder-backend-module-gitlab/src/actions/createGitlabProjectDeployTokenAction.ts,60,10
packages/ui/src/components/Box/Box.tsx,packages/ui/src/components/Box/types.ts,60,10
plugins/cicd-statistics/src/components/chart-filters.tsx,plugins/cicd-statistics/src/entity-page.tsx,60,10
plugins/signals-node/src/DefaultSignalService.ts,plugins/signals-node/src/SignalService.ts,60,10
packages/config-loader/src/lib/reader.ts,packages/config-loader/src/lib/types.ts,60,10
plugins/cloudbuild/src/api/CloudbuildApi.ts,plugins/cloudbuild/src/api/CloudbuildClient.ts,60,10
plugins/github-pull-requests-board/src/components/Card/CardHeader.tsx,plugins/github-pull-requests-board/src/components/PullRequestCard/PullRequestCard.tsx,60,10
plugins/user-settings/src/components/General/UserSettingsAppearanceCard.tsx,plugins/user-settings/src/components/General/UserSettingsProfileCard.tsx,60,10
packages/ui/src/components/Card/Card.tsx,packages/ui/src/components/Card/definition.ts,60,10
plugins/scaffolder-backend-module-github/src/actions/githubBranchProtection.ts,plugins/scaffolder-backend-module-github/src/actions/githubIssuesLabel.ts,60,10
plugins/auth-backend/src/service/OidcRouter.ts,plugins/auth-backend/src/service/OidcService.ts,59,22
plugins/scaffolder-backend-module-github/src/actions/github.ts,plugins/scaffolder-backend-module-github/src/actions/helpers.ts,59,22
plugins/todo-backend/src/service/router.ts,plugins/todo-backend/src/service/types.ts,59,14
packages/ui/src/components/Header/HeaderToolbar.tsx,packages/ui/src/components/HeaderPage/HeaderPage.tsx,59,14
plugins/gcp-projects/src/components/NewProjectPage/NewProjectPage.tsx,plugins/gcp-projects/src/components/ProjectListPage/ProjectListPage.tsx,59,14
plugins/auth-backend/src/providers/oauth2/provider.ts,plugins/auth-backend/src/providers/okta/provider.ts,58,55
plugins/auth-backend/src/providers/gitlab/provider.ts,plugins/auth-backend/src/providers/oauth2/provider.ts,58,50
plugins/scaffolder-backend/src/scaffolder/actions/builtin/publish/azure.ts,plugins/scaffolder-backend/src/scaffolder/actions/builtin/publish/bitbucket.ts,58,33
packages/cli/src/commands/app/build.ts,packages/cli/src/commands/plugin/serve.ts,58,26
packages/backend-tasks/src/tasks/index.ts,packages/backend-tasks/src/tasks/types.ts,58,21
packages/backend-plugin-api/src/wiring/index.ts,packages/backend-plugin-api/src/wiring/types.ts,58,21
plugins/bazaar/src/components/EntityBazaarInfoCard/EntityBazaarInfoCard.tsx,plugins/bazaar/src/components/SortView/SortView.tsx,58,17
plugins/scaffolder-backend/src/scaffolder/stages/publish/azure.ts,plugins/scaffolder-backend/src/scaffolder/stages/publish/gitlab.ts,58,17
packages/ui/src/components/Table/components/Table.tsx,packages/ui/src/components/Table/types.ts,58,17
plugins/github-release-manager/src/cards/createRc/CreateRc.tsx,plugins/github-release-manager/src/cards/patchRc/sideEffects/patch.ts,58,12
plugins/scaffolder/src/components/fields/EntityPicker/schema.ts,plugins/scaffolder/src/components/fields/OwnerPicker/schema.ts,58,12
plugins/explore/src/components/DomainCard/DomainCard.tsx,plugins/explore/src/components/DomainCard/index.ts,58,12
plugins/azure-devops/src/hooks/useProjectRepoFromEntity.ts,plugins/azure-devops/src/hooks/useRepoBuilds.ts,58,12
plugins/scaffolder-backend-module-github/src/actions/githubDeployKey.ts,plugins/scaffolder-backend-module-github/src/actions/githubWebhook.ts,58,12
plugins/scaffolder-backend-module-github/src/actions/githubAutolinks.ts,plugins/scaffolder-backend-module-github/src/actions/githubWebhook.ts,58,12
plugins/scaffolder-backend-module-github/src/actions/githubBranchProtection.ts,plugins/scaffolder-backend-module-github/src/actions/githubRepoPush.ts,58,12
plugins/kubernetes/src/kubernetes-auth-provider/GoogleKubernetesAuthProvider.ts,plugins/kubernetes/src/kubernetes-auth-provider/KubernetesAuthProviders.ts,58,12
packages/ui/src/components/Link/Link.tsx,packages/ui/src/components/Link/types.ts,58,9
plugins/azure-devops-backend/src/api/index.ts,plugins/azure-devops-backend/src/api/types.ts,58,9
packages/cli/src/commands/watch-deps/index.ts,packages/cli/src/commands/watch-deps/packages.ts,58,9
plugins/techdocs-backend/src/techdocs/stages/prepare/dir.ts,plugins/techdocs-backend/src/techdocs/stages/prepare/index.ts,58,9
plugins/cicd-statistics/src/components/button-switch.tsx,plugins/cicd-statistics/src/entity-page.tsx,58,9
packages/ui/src/components/Toast/ToastQueue.ts,packages/ui/src/components/Toast/ToastRegion.tsx,58,9
plugins/splunk-on-call/src/components/Escalation/EscalationPolicy.tsx,plugins/splunk-on-call/src/components/Incident/Incidents.tsx,58,9
plugins/kubernetes-node/src/extensions.ts,plugins/kubernetes-node/src/index.ts,58,9
packages/frontend-plugin-api/src/extensions/createSignInPageExtension.tsx,packages/frontend-plugin-api/src/extensions/createTranslationExtension.ts,58,9
plugins/kubernetes-backend/src/auth/GoogleStrategy.ts,plugins/kubernetes-backend/src/auth/types.ts,58,9
plugins/kubernetes-backend/src/kubernetes-auth-translator/GoogleKubernetesAuthTranslator.ts,plugins/kubernetes-backend/src/kubernetes-auth-translator/GoogleServiceAccountAuthProvider.ts,58,9
packages/backend/src/plugins/notifications.ts,plugins/notifications-node/src/service/NotificationService.ts,58,9
packages/backend/src/plugins/signals.ts,plugins/signals-backend/src/service/standaloneServer.ts,58,9
plugins/scaffolder-backend/src/scaffolder/actions/builtin/publish/bitbucketCloud.ts,plugins/scaffolder-backend/src/scaffolder/actions/builtin/publish/bitbucketServer.ts,58,9
packages/ui/src/components/ButtonLink/definition.ts,packages/ui/src/components/Card/definition.ts,58,9
plugins/bazaar/src/components/BazaarOverviewCard/BazaarOverviewCard.tsx,plugins/bazaar/src/components/ProjectPreview/ProjectPreview.tsx,58,9
plugins/pagerduty/src/components/PagerdutyCard.tsx,plugins/pagerduty/src/components/types.tsx,58,9
plugins/kubernetes-backend/src/auth/OidcStrategy.ts,plugins/kubernetes-backend/src/auth/types.ts,58,9
packages/core-app-api/src/apis/implementations/auth/types.ts,packages/core-components/src/components/OAuthRequestDialog/OAuthRequestDialog.tsx,58,9
plugins/kubernetes-backend/src/auth/AksStrategy.ts,plugins/kubernetes-backend/src/auth/types.ts,58,9
packages/core-api/src/apis/definitions/IdentityApi.ts,packages/core-api/src/app/AppIdentity.ts,58,9
plugins/kubernetes-backend/src/auth/DispatchStrategy.ts,plugins/kubernetes-backend/src/auth/GoogleServiceAccountStrategy.ts,58,9
plugins/catalog-backend/src/next/CatalogProcessingOrchestratorImpl.ts,plugins/catalog-backend/src/next/database/ProcessingDatabaseImpl.ts,58,9
plugins/scaffolder/src/components/fields/OwnerPicker/schema.ts,plugins/scaffolder/src/components/fields/RepoUrlPicker/schema.ts,58,9
plugins/auth-backend/src/setupTests.ts,plugins/catalog-backend/src/setupTests.ts,58,9
plugins/dynatrace/src/components/Problems/ProblemsList/ProblemsList.tsx,plugins/dynatrace/src/components/Problems/ProblemsTable/ProblemsTable.tsx,58,9
packages/ui/src/components/PasswordField/PasswordField.tsx,packages/ui/src/components/PasswordField/types.ts,58,9
packages/ui/src/components/RangeSlider/RangeSlider.tsx,packages/ui/src/components/RangeSlider/types.ts,58,9
packages/frontend-app-api/src/wiring/graph/buildAppGraph.ts,packages/frontend-app-api/src/wiring/graph/types.ts,58,9
packages/catalog-client/src/CatalogClient.ts,packages/catalog-client/src/types/api.ts,57,91
plugins/auth-backend/src/providers/auth0/provider.ts,plugins/auth-backend/src/providers/oauth2/provider.ts,57,46
plugins/git-release-manager/src/api/GitReleaseApiClient.ts,plugins/git-release-manager/src/features/Patch/hooks/usePatch.ts,57,30
plugins/catalog-react/src/components/EntityLifecyclePicker/EntityLifecyclePicker.tsx,plugins/catalog-react/src/components/EntityTagPicker/EntityTagPicker.tsx,57,28
plugins/permission-common/src/types/api.ts,plugins/permission-common/src/types/index.ts,57,25
plugins/home/src/index.ts,plugins/home/src/plugin.ts,57,23
plugins/notifications/src/api/NotificationsApi.ts,plugins/notifications/src/components/NotificationsPage/NotificationsPage.tsx,57,21
plugins/git-release-manager/src/features/CreateReleaseCandidate/hooks/useCreateReleaseCandidate.ts,plugins/git-release-manager/src/features/Patch/hooks/usePatch.ts,57,21
plugins/catalog/src/components/CatalogSearchResultListItem/CatalogSearchResultListItem.tsx,plugins/techdocs/src/search/components/TechDocsSearchResultListItem.tsx,57,21
plugins/tech-radar/src/components/RadarLegend/RadarLegend.tsx,plugins/tech-radar/src/components/RadarPlot/RadarPlot.tsx,57,21
packages/config-loader/src/lib/schema/filtering.ts,packages/config-loader/src/lib/schema/load.ts,57,19
plugins/scaffolder-backend-module-github/src/actions/githubRepoCreate.ts,plugins/scaffolder-backend-module-github/src/actions/helpers.ts,57,19
packages/config-loader/src/lib/schema/compile.ts,packages/config-loader/src/lib/schema/filtering.ts,57,19
plugins/bazaar/src/components/EditProjectDialog/EditProjectDialog.tsx,plugins/bazaar/src/components/SortView/SortView.tsx,57,18
plugins/github-deployments/src/components/GithubDeploymentsCard.tsx,plugins/github-deployments/src/components/GithubDeploymentsTable/GithubDeploymentsTable.tsx,57,18
plugins/register-component/src/components/RegisterComponentForm/RegisterComponentForm.tsx,plugins/register-component/src/components/RegisterComponentPage/RegisterComponentPage.tsx,57,18
packages/frontend-app-api/src/extensions/CoreLayout.tsx,packages/frontend-app-api/src/extensions/CoreNav.tsx,57,14
packages/config-loader/src/index.ts,packages/config-loader/src/lib/schema/index.ts,57,14
packages/cli/src/modules/build/index.ts,packages/cli/src/modules/maintenance/index.ts,57,14
plugins/scaffolder/src/components/fields/EntityNamePicker/EntityNamePicker.tsx,plugins/scaffolder/src/components/fields/EntityTagsPicker/EntityTagsPicker.tsx,57,14
plugins/bazaar/src/components/AddProjectDialog/AddProjectDialog.tsx,plugins/bazaar/src/components/EditProjectDialog/EditProjectDialog.tsx,57,14
packages/cli/src/modules/build/index.ts,packages/cli/src/modules/migrate/index.ts,57,14
plugins/scaffolder-backend-module-github/src/actions/githubDeployKey.ts,plugins/scaffolder-backend-module-github/src/actions/githubRepoPush.ts,57,11
plugins/scaffolder-backend-module-github/src/actions/githubAutolinks.ts,plugins/scaffolder-backend-module-github/src/actions/githubBranchProtection.ts,57,11
plugins/scaffolder-backend-module-gitlab/src/actions/index.ts,plugins/scaffolder-backend-module-gitlab/src/module.ts,57,11
packages/cli/src/modules/info/index.ts,packages/cli/src/modules/test/index.ts,57,11
plugins/catalog-backend/src/permissions/rules/createPropertyRule.ts,plugins/playlist-backend/src/permissions/rules.ts,57,11
plugins/shortcuts/src/api/LocalStoredShortcuts.ts,plugins/shortcuts/src/api/ShortcutApi.ts,57,11
plugins/xcmetrics/src/api/XcmetricsClient.ts,plugins/xcmetrics/src/api/types.ts,57,11
packages/catalog-model/src/kinds/ApiEntityV1alpha1.ts,packages/catalog-model/src/kinds/LocationEntityV1alpha1.ts,57,11
packages/cli/src/commands/build-cache/cache.ts,packages/cli/src/commands/build-cache/options.ts,57,11
packages/cli/src/modules/config/index.ts,packages/cli/src/modules/lint/index.ts,57,11
packages/cli/src/modules/info/index.ts,packages/cli/src/modules/new/index.ts,57,11
plugins/catalog-backend/src/ingestion/processors/GitlabApiReaderProcessor.ts,plugins/catalog-backend/src/ingestion/processors/GitlabReaderProcessor.ts,57,11
plugins/todo/src/api/TodoClient.ts,plugins/todo/src/api/types.ts,57,11
plugins/catalog-backend/src/modules/core/FileReaderProcessor.ts,plugins/catalog-backend/src/modules/core/PlaceholderProcessor.ts,57,11
plugins/catalog/src/components/DependencyOfComponentsCard/DependencyOfComponentsCard.tsx,plugins/catalog/src/components/HasResourcesCard/HasResourcesCard.tsx,57,11
plugins/notifications-node/src/lib.ts,plugins/notifications-node/src/service/DefaultNotificationService.ts,57,11
packages/cli/src/modules/info/index.ts,packages/cli/src/modules/maintenance/index.ts,57,11
plugins/scaffolder-backend-module-github/src/actions/githubAutolinks.ts,plugins/scaffolder-backend-module-github/src/actions/githubRepoPush.ts,57,11
packages/techdocs-common/src/stages/prepare/dir.ts,packages/techdocs-common/src/stages/prepare/preparers.ts,57,11
packages/cli/src/modules/config/index.ts,packages/cli/src/modules/translations/index.ts,57,11
plugins/scaffolder-backend/src/scaffolder/tasks/StorageTaskBroker.ts,plugins/scaffolder-backend/src/scaffolder/tasks/types.ts,56,81
plugins/auth-backend/src/providers/microsoft/provider.ts,plugins/auth-backend/src/providers/okta/provider.ts,56,59
plugins/git-release-manager/src/features/Patch/hooks/usePatch.ts,plugins/git-release-manager/src/test-helpers/test-helpers.ts,56,30
plugins/catalog-graph/src/components/CatalogGraphCard/CatalogGraphCard.tsx,plugins/catalog-graph/src/components/CatalogGraphPage/CatalogGraphPage.tsx,56,27
plugins/events-backend/src/service/hub/DatabaseEventBusStore.ts,plugins/events-backend/src/service/hub/createEventBusRouter.ts,56,25
plugins/scaffolder-common/src/TemplateEntityV1beta3.ts,plugins/scaffolder-common/src/index.ts,56,23
packages/core/src/api/apis/definitions/featureFlags.ts,packages/core/src/api/app/FeatureFlags.tsx,56,20
packages/repo-tools/src/commands/package/schema/openapi/generate/client.ts,packages/repo-tools/src/commands/package/schema/openapi/generate/server.ts,56,16
plugins/scaffolder-backend/src/scaffolder/jobs/processor.ts,plugins/scaffolder-backend/src/scaffolder/jobs/types.ts,56,16
plugins/catalog-import/src/components/ImportStepper/ImportStepper.tsx,plugins/catalog-import/src/components/ImportStepper/defaults.tsx,56,16
plugins/catalog-backend/src/modules/core/PlaceholderProcessor.ts,plugins/catalog-backend/src/modules/core/UrlReaderProcessor.ts,56,13
plugins/signals-backend/src/service/SignalManager.ts,plugins/signals-backend/src/service/router.ts,56,13
packages/core/src/components/Select/Select.tsx,packages/core/src/components/Table/Filters.tsx,56,13
plugins/signals-node/src/SignalService.ts,plugins/signals-node/src/types.ts,56,13
packages/yarn-plugin/src/handlers/beforeWorkspacePacking.ts,packages/yarn-plugin/src/util.ts,56,13
plugins/github-actions/src/api/GithubActionsApi.ts,plugins/github-actions/src/components/BuildDetailsPage/BuildDetailsPage.tsx,56,13
plugins/scaffolder-backend/src/scaffolder/stages/prepare/file.ts,plugins/scaffolder-backend/src/scaffolder/stages/prepare/types.ts,56,13
plugins/git-release-manager/src/features/CreateReleaseCandidate/CreateReleaseCandidate.tsx,plugins/git-release-manager/src/features/Patch/PatchBody.tsx,56,13
packages/core/src/layout/SignInPage/providers.tsx,packages/core/src/layout/SignInPage/types.ts,56,13
packages/yarn-plugin/src/handlers/beforeWorkspacePacking.ts,packages/yarn-plugin/src/resolver/BackstageResolver.ts,56,13
plugins/bazaar/src/components/EditProjectDialog/EditProjectDialog.tsx,plugins/bazaar/src/components/ProjectDialog/ProjectDialog.tsx,56,13
plugins/gcp-projects/src/components/NewProjectPage/NewProjectPage.tsx,plugins/gcp-projects/src/components/ProjectDetailsPage/ProjectDetailsPage.tsx,56,13
plugins/newrelic-dashboard/src/components/NewRelicDashboard/DashboardEntityList.tsx,plugins/newrelic-dashboard/src/components/NewRelicDashboard/DashboardSnapshotList/DashboardSnapshotList.tsx,56,13
packages/frontend-test-utils/src/apis/index.ts,packages/frontend-test-utils/src/apis/mockApis.ts,56,13
plugins/signals-backend/src/service/router.ts,plugins/signals-backend/src/service/standaloneServer.ts,56,13
packages/frontend-plugin-api/src/extensions/createApiExtension.ts,packages/frontend-plugin-api/src/extensions/createThemeExtension.ts,56,13
packages/backend-common/src/reading/AzureUrlReader.ts,packages/backend-common/src/reading/BitbucketUrlReader.ts,55,40
plugins/github-actions/src/components/Cards/Cards.tsx,plugins/github-actions/src/components/Cards/RecentWorkflowRunsCard.tsx,55,22
plugins/catalog/src/components/HasResourcesCard/HasResourcesCard.tsx,plugins/catalog/src/components/HasSubcomponentsCard/HasSubcomponentsCard.tsx,55,18
plugins/scaffolder-backend-module-github/src/actions/github.ts,plugins/scaffolder-backend-module-github/src/actions/githubRepoPush.ts,55,18
packages/backend-common/src/database/connectors/mysql.ts,packages/backend-common/src/database/connectors/postgres.ts,55,15
plugins/tech-radar/src/components/Radar/Radar.tsx,plugins/tech-radar/src/components/RadarPlot/RadarPlot.tsx,55,15
plugins/kubernetes/src/kubernetes-auth-provider/KubernetesAuthProviders.ts,plugins/kubernetes/src/kubernetes-auth-provider/types.ts,55,15
plugins/badges-backend/src/lib/BadgeBuilder/DefaultBadgeBuilder.ts,plugins/badges-backend/src/types.ts,55,9
plugins/catalog-graph/src/components/EntityRelationsGraph/index.ts,plugins/catalog-graph/src/components/EntityRelationsGraph/types.ts,55,9
plugins/catalog-backend/src/modules/core/FileReaderProcessor.ts,plugins/catalog-backend/src/modules/core/UrlReaderProcessor.ts,55,9
packages/backend-app-api/src/services/implementations/httpRouter/createCredentialsBarrier.ts,packages/backend-app-api/src/services/implementations/httpRouter/rateLimitStore.ts,55,9
plugins/auth-backend/src/providers/OAuthProvider.ts,plugins/auth-backend/src/providers/PassportStrategyHelper.ts,55,9
plugins/splunk-on-call/src/api/client.ts,plugins/splunk-on-call/src/components/types.ts,55,9
plugins/home-page/src/components/HomePage/HomePage.tsx,plugins/home-page/src/plugin.ts,55,9
packages/cli/src/lib/new/execution/writeTemplateContents.ts,packages/cli/src/lib/new/preparation/collectPortableTemplateInput.ts,55,9
packages/canon/src/components/Inline/Inline.tsx,packages/canon/src/components/Inline/types.ts,55,9
plugins/scaffolder/src/alpha.ts,plugins/scaffolder/src/next/TemplateListPage/index.ts,55,9
packages/core-plugin-api/src/analytics/useAnalytics.tsx,packages/core-plugin-api/src/apis/definitions/AnalyticsApi.ts,55,9
plugins/kubernetes-backend/src/auth/AwsIamStrategy.ts,plugins/kubernetes-backend/src/auth/types.ts,55,9
packages/cli/src/modules/create-github-app/index.ts,packages/cli/src/modules/translations/index.ts,55,9
packages/create-app/templates/default-app/packages/backend/src/plugins/auth.ts,packages/create-app/templates/default-app/packages/backend/src/plugins/proxy.ts,55,9
plugins/sonarqube/src/api/types.ts,plugins/sonarqube/src/plugin.ts,55,9
packages/ui/src/components/Box/definition.ts,packages/ui/src/components/Box/types.ts,55,9
plugins/pagerduty/src/components/PagerDutyServiceCard.tsx,plugins/pagerduty/src/components/TriggerDialog.tsx,55,9
plugins/tech-radar/src/components/RadarLegend/RadarLegendLink.tsx,plugins/tech-radar/src/components/RadarLegend/RadarLegendRing.tsx,55,9
packages/cli/src/commands/create/create.ts,packages/cli/src/lib/create/types.ts,55,9
plugins/splunk-on-call/src/api/types.ts,plugins/splunk-on-call/src/components/types.ts,55,9
packages/core-api/src/apis/implementations/auth/saml/SamlAuth.ts,packages/core-api/src/lib/AuthConnector/SamlAuthConnector.ts,55,9
plugins/signals-node/src/DefaultSignalService.ts,plugins/signals/src/api/SignalClient.ts,55,9
plugins/incremental-ingestion-backend/src/index.ts,plugins/incremental-ingestion-backend/src/types.ts,55,9
packages/core/src/layout/Sidebar/Intro.tsx,plugins/catalog-import/src/components/StepPrepareCreatePullRequest/PreparePullRequestForm.tsx,55,9
plugins/catalog-backend-module-bitbucket-server/src/providers/BitbucketServerEntityProvider.ts,plugins/catalog-backend-module-bitbucket-server/src/providers/BitbucketServerEntityProviderConfig.ts,55,9
packages/app/src/components/SecurityTab/SecurityTab.tsx,plugins/scaffolder/src/next/TemplateWizardContent/TemplateWizardContent.tsx,55,9
packages/theme/src/v4/baseTheme.ts,packages/theme/src/v4/themes.ts,55,9
plugins/permission-node/src/integration/createConditionFactory.ts,plugins/permission-node/src/integration/createPermissionRule.ts,55,9
plugins/cost-insights/src/example/client.ts,plugins/cost-insights/src/testUtils/testUtils.ts,55,9
plugins/permission-react/src/apis/IdentityPermissionApi.ts,plugins/permission-react/src/apis/PermissionApi.ts,55,9
packages/ui/src/components/Box/Box.tsx,packages/ui/src/components/Box/definition.ts,55,9
plugins/config-schema/src/components/ConfigSchemaPage/ConfigSchemaPage.tsx,plugins/config-schema/src/components/SchemaViewer/SchemaViewer.tsx,55,9
plugins/github-release-manager/src/cards/createRc/CreateRc.tsx,plugins/github-release-manager/src/cards/patchRc/Patch.tsx,55,9
plugins/playlist/src/components/CreatePlaylistButton/CreatePlaylistButton.tsx,plugins/playlist/src/components/PlaylistPage/PlaylistHeader.tsx,55,9
packages/catalog-model/src/entity/policies/ReservedFieldsEntityPolicy.ts,packages/catalog-model/src/entity/policies/SchemaValidEntityPolicy.ts,55,9
plugins/github-release-manager/src/cards/createRc/CreateRc.tsx,plugins/github-release-manager/src/cards/promoteRc/sideEffects/promoteRc.ts,55,9
packages/backend-common/src/middleware/notFoundHandler.ts,packages/backend-common/src/middleware/requestLoggingHandler.ts,55,9
plugins/explore/src/components/ExplorePage/ExplorePage.tsx,plugins/explore/src/components/ToolExplorerContent/ToolExplorerContent.tsx,55,9
plugins/catalog-react/src/apis/EntityPresentationApi/EntityPresentationApi.ts,plugins/catalog-react/src/apis/EntityPresentationApi/useEntityPresentation.ts,55,9
packages/core-api/src/apis/implementations/auth/gitlab/GitlabAuth.ts,packages/core-api/src/apis/implementations/auth/okta/OktaAuth.ts,55,9
packages/core-api/src/apis/implementations/auth/auth0/Auth0Auth.ts,packages/core-api/src/apis/implementations/auth/okta/OktaAuth.ts,55,9
plugins/azure-devops-backend/src/api/AzureDevOpsApi.ts,plugins/azure-devops-backend/src/service/router.ts,54,48
plugins/org/src/components/Cards/Group/GroupProfile/GroupProfileCard.tsx,plugins/org/src/components/Cards/User/UserProfileCard/UserProfileCard.tsx,54,37
plugins/auth-backend/src/providers/auth0/provider.ts,plugins/auth-backend/src/providers/onelogin/provider.ts,54,35
packages/cli/src/commands/app/build.ts,packages/cli/src/commands/app/serve.ts,54,31
plugins/tech-radar/src/api.ts,plugins/tech-radar/src/utils/types.ts,54,22
plugins/catalog/src/data/component.ts,plugins/catalog/src/data/utils.ts,54,19
packages/integration/src/ScmIntegrations.ts,packages/integration/src/index.ts,54,19
plugins/scaffolder-backend/src/scaffolder/stages/prepare/gitlab.ts,plugins/scaffolder-backend/src/scaffolder/stages/prepare/types.ts,54,17
plugins/catalog/src/components/HasResourcesCard/HasResourcesCard.tsx,plugins/catalog/src/components/HasSystemsCard/HasSystemsCard.tsx,54,17
plugins/scaffolder-backend-module-rails/src/actions/fetch/rails/index.ts,plugins/scaffolder-backend-module-rails/src/actions/fetch/rails/railsNewRunner.ts,54,17
plugins/user-settings/src/components/General/UserSettingsAppearanceCard.tsx,plugins/user-settings/src/components/General/UserSettingsPinToggle.tsx,54,11
packages/cli/src/commands/backend/dev.ts,packages/config-loader/src/lib/resolver.ts,54,11
packages/canon/src/components/Stack/Stack.tsx,packages/canon/src/components/Stack/types.ts,54,11
packages/cli/src/modules/info/index.ts,packages/cli/src/modules/translations/index.ts,54,11
packages/integration/src/azure/config.ts,packages/integration/src/azure/index.ts,54,11
plugins/signals-backend/src/service/SignalManager.ts,plugins/signals-backend/src/service/standaloneServer.ts,54,11
packages/cli/src/modules/info/index.ts,packages/cli/src/modules/lint/index.ts,54,11
plugins/octopus-deploy/src/api/index.ts,plugins/octopus-deploy/src/plugin.ts,54,11
plugins/bazaar/src/components/AddProjectDialog/AddProjectDialog.tsx,plugins/bazaar/src/components/InputField/InputField.tsx,54,11
packages/canon/src/components/Select/Select.tsx,packages/canon/src/components/Select/types.ts,54,11
plugins/scaffolder-backend/src/scaffolder/tasks/DefaultWorkflowRunner.ts,plugins/scaffolder-backend/src/scaffolder/tasks/LegacyWorkflowRunner.ts,54,11
packages/ui/src/components/ButtonLink/definition.ts,packages/ui/src/hooks/useDefinition/types.ts,54,11
packages/ui/src/components/Flex/Flex.tsx,packages/ui/src/components/Flex/types.ts,54,11
plugins/auth-backend/src/providers/gitlab/provider.ts,plugins/auth-backend/src/providers/okta/provider.ts,53,56
plugins/catalog-backend/src/service/CatalogPlugin.ts,plugins/catalog-node/src/extensions.ts,53,47
packages/backend-plugin-api/src/services/definitions/coreServices.ts,packages/backend-plugin-api/src/services/definitions/index.ts,53,45
plugins/scaffolder-node/src/actions/createTemplateAction.ts,plugins/scaffolder-node/src/actions/types.ts,53,32
plugins/permission-common/src/PermissionClient.ts,plugins/permission-common/src/types/api.ts,53,30
plugins/scaffolder-backend/src/scaffolder/stages/prepare/azure.ts,plugins/scaffolder-backend/src/scaffolder/stages/prepare/github.ts,53,26
plugins/search-backend-module-pg/src/PgSearchEngine/PgSearchEngine.ts,plugins/search-backend-module-pg/src/database/DatabaseDocumentStore.ts,53,26
plugins/notifications/src/components/NotificationsFilters/NotificationsFilters.tsx,plugins/notifications/src/components/NotificationsPage/NotificationsPage.tsx,53,21
plugins/github-deployments/src/api/index.ts,plugins/github-deployments/src/components/GithubDeploymentsCard.tsx,53,21
plugins/kubernetes-backend/src/plugin.ts,plugins/kubernetes-node/src/extensions.ts,53,15
packages/integration/src/index.ts,packages/integration/src/registry.ts,53,15
plugins/bazaar-backend/src/service/router.ts,plugins/bazaar/src/components/EntityBazaarInfoCard/EntityBazaarInfoCard.tsx,53,15
plugins/tech-insights/src/api/TechInsightsApi.ts,plugins/tech-insights/src/api/TechInsightsClient.ts,53,15
packages/core-app-api/src/apis/implementations/auth/oauth2/OAuth2.ts,packages/core-app-api/src/apis/implementations/auth/saml/SamlAuth.ts,53,15
plugins/scaffolder-backend-module-github/src/actions/githubBranchProtection.ts,plugins/scaffolder-backend-module-github/src/actions/githubRepoCreate.ts,53,15
plugins/scaffolder-backend-module-github/src/actions/githubRepoCreate.ts,plugins/scaffolder-backend-module-github/src/actions/githubRepoPush.ts,53,15
packages/backend-test-utils/src/database/TestDatabases.ts,packages/backend-test-utils/src/database/types.ts,53,15
packages/integration/src/ScmIntegrations.ts,packages/integration/src/bitbucket/BitbucketIntegration.ts,53,15
packages/catalog-model/src/kinds/ComponentEntityV1alpha1.ts,packages/catalog-model/src/kinds/LocationEntityV1alpha1.ts,53,15
plugins/catalog/src/alpha/components/EntityLayout/EntityLayout.tsx,plugins/catalog/src/alpha/components/EntityTabs/EntityTabs.tsx,53,13
plugins/user-settings-backend/src/database/DatabaseUserSettingsStore.ts,plugins/user-settings-backend/src/service/router.ts,53,13
packages/backend-common/src/cache/CacheClient.ts,packages/backend-common/src/cache/types.ts,53,13
plugins/github-release-manager/src/cards/patchRc/PatchBody.tsx,plugins/github-release-manager/src/cards/patchRc/sideEffects/patch.ts,53,13
plugins/scaffolder-backend-module-github/src/actions/githubPagesEnable.ts,plugins/scaffolder-backend-module-github/src/actions/githubWebhook.ts,53,13
plugins/catalog-backend-module-github/src/providers/GitHubEntityProvider.ts,plugins/catalog-backend-module-github/src/providers/GitHubEntityProviderConfig.ts,53,13
plugins/scaffolder-backend/src/scaffolder/actions/builtin/github/githubRepoPush.ts,plugins/scaffolder-backend/src/scaffolder/actions/builtin/github/inputProperties.ts,53,13
plugins/catalog-backend-module-unprocessed/src/UnprocessedEntitiesModule.ts,plugins/catalog-backend-module-unprocessed/src/module.ts,53,13
plugins/scaffolder-backend/src/scaffolder/actions/builtin/github/githubRepoCreate.ts,plugins/scaffolder-backend/src/scaffolder/actions/builtin/github/githubRepoPush.ts,53,13
plugins/catalog-unprocessed-entities/src/alpha/plugin.tsx,plugins/techdocs/src/alpha/index.tsx,53,13
plugins/github-actions/src/components/WorkflowRunDetails/WorkflowRunDetails.tsx,plugins/github-actions/src/components/WorkflowRunLogs/WorkflowRunLogs.tsx,52,25
plugins/catalog/src/components/CatalogFilter/CatalogFilter.tsx,plugins/catalog/src/data/filters.ts,52,21
plugins/search-backend-node/src/IndexBuilder.ts,plugins/search-backend-node/src/types.ts,52,21
plugins/search-backend-node/src/index.ts,plugins/search-backend-node/src/types.ts,52,19
plugins/lighthouse/src/components/AuditView/index.tsx,plugins/lighthouse/src/components/CreateAudit/index.tsx,52,17
packages/cli/src/modules/lint/commands/repo/lint.ts,packages/cli/src/modules/test/commands/repo/test.ts,52,17
plugins/catalog-backend-module-incremental-ingestion/src/module/WrapperProviders.ts,plugins/catalog-backend-module-incremental-ingestion/src/service/IncrementalCatalogBuilder.ts,52,17
packages/core-app-api/src/apis/implementations/auth/github/GithubAuth.ts,packages/core-app-api/src/apis/implementations/auth/oauth2/OAuth2.ts,52,17
plugins/scaffolder-backend-module-github/src/actions/helpers.ts,plugins/scaffolder-backend-module-github/src/actions/inputProperties.ts,52,17
plugins/github-release-manager/src/api/PluginApiClient.ts,plugins/github-release-manager/src/cards/patchRc/PatchBody.tsx,52,17
plugins/scaffolder/src/components/OngoingTask/ContextMenu.tsx,plugins/scaffolder/src/components/OngoingTask/OngoingTask.tsx,52,17
packages/backend/src/plugins/linguist.ts,plugins/linguist-backend/src/service/router.ts,52,12
plugins/github-release-manager/src/GitHubReleaseManager.tsx,plugins/github-release-manager/src/cards/projectForm/Owner.tsx,52,12
plugins/catalog-backend/src/permissions/rules/hasAnnotation.ts,plugins/playlist-backend/src/permissions/rules.ts,52,12
packages/core-plugin-api/src/routing/RouteRef.ts,packages/core-plugin-api/src/routing/types.ts,52,12
packages/config-loader/src/sources/EnvConfigSource.ts,packages/config-loader/src/sources/MutableConfigSource.ts,52,12
plugins/scaffolder/src/components/fields/EntityPicker/schema.ts,plugins/scaffolder/src/components/fields/OwnedEntityPicker/schema.ts,52,12
packages/cli/src/modules/new/commands/new.ts,packages/cli/src/modules/test/commands/repo/test.ts,52,12
plugins/scaffolder-react/src/next/components/TemplateOutputs/DefaultTemplateOutputs.tsx,plugins/scaffolder-react/src/next/components/TemplateOutputs/TextOutputs.tsx,52,12
plugins/catalog-react/src/components/InspectEntityDialog/components/AncestryPage.tsx,plugins/catalog-react/src/components/InspectEntityDialog/components/OverviewPage.tsx,52,12
plugins/search-backend-module-catalog/src/alpha.ts,plugins/search-backend-module-techdocs/src/alpha.ts,52,12
plugins/catalog-backend/src/permissions/rules/isEntityKind.ts,plugins/catalog-backend/src/permissions/rules/util.ts,52,12
plugins/github-release-manager/src/cards/createRc/sideEffects/createRc.ts,plugins/github-release-manager/src/cards/patchRc/PatchBody.tsx,52,12
packages/frontend-app-api/src/extensions/CoreLayout.tsx,packages/frontend-app-api/src/extensions/CoreRouter.tsx,52,12
packages/config-loader/src/sources/EnvConfigSource.ts,packages/config-loader/src/sources/StaticConfigSource.ts,52,12
packages/cli/src/lib/new/factories/backendModule.ts,packages/cli/src/lib/new/factories/backendPlugin.ts,52,12
plugins/scaffolder-backend-module-github/src/actions/githubPagesEnable.ts,plugins/scaffolder-backend-module-github/src/actions/githubRepoPush.ts,52,12
plugins/techdocs/src/reader/components/TechDocsReaderPage/context.tsx,plugins/techdocs/src/reader/components/index.ts,52,12
packages/ui/src/components/Header/Header.tsx,packages/ui/src/components/Header/index.tsx,52,12
plugins/bazaar/src/components/AddProjectDialog/AddProjectDialog.tsx,plugins/bazaar/src/components/ProjectDialog/ProjectDialog.tsx,52,12
packages/cli-plugin-api/src/index.ts,packages/cli/src/wiring/types.ts,52,10
plugins/explore/src/index.ts,plugins/explore/src/plugin.ts,52,10
plugins/catalog/src/components/ComponentMetadataCard/ComponentMetadataCard.tsx,plugins/catalog/src/components/ComponentRemovalDialog/ComponentRemovalDialog.tsx,52,10
plugins/tech-radar/src/components/RadarBubble/RadarBubble.tsx,plugins/tech-radar/src/components/RadarEntry/RadarEntry.tsx,52,10
plugins/catalog-common/src/index.ts,plugins/catalog-common/src/permissions.ts,52,10
plugins/app-visualizer/src/components/AppVisualizerPage/DetailedVisualizer.tsx,plugins/app-visualizer/src/components/AppVisualizerPage/TextVisualizer.tsx,52,10
packages/cli/src/wiring/factory.ts,packages/cli/src/wiring/types.ts,52,10
packages/backend/src/plugins/signals.ts,plugins/signals-node/src/types.ts,52,10
plugins/catalog-backend/src/service/schema/openapi.ts,plugins/openapi-router-common/src/router.ts,52,10
plugins/xcmetrics/src/api/XCMetricsClient.ts,plugins/xcmetrics/src/api/types.ts,52,10
plugins/sonarqube/dev/index.tsx,plugins/sonarqube/src/api/types.ts,52,10
packages/cli/src/modules/test/index.ts,packages/cli/src/modules/translations/index.ts,52,10
plugins/home-page/src/plugin.ts,plugins/welcome/src/plugin.ts,52,10
plugins/azure-devops/src/constants.ts,plugins/azure-devops/src/utils/getAnnotationFromEntity.ts,52,10
plugins/kubernetes-backend/src/kubernetes-auth-translator/AzureIdentityKubernetesAuthTranslator.ts,plugins/kubernetes-backend/src/kubernetes-auth-translator/GoogleServiceAccountAuthProvider.ts,52,10
packages/frontend-plugin-api/src/extensions/createSignInPageExtension.tsx,packages/frontend-plugin-api/src/extensions/createThemeExtension.ts,52,10
plugins/catalog-react/src/components/EntityPeekAheadPopover/CardActionComponents/EmailCardAction.tsx,plugins/catalog-react/src/components/EntityPeekAheadPopover/EntityPeekAheadPopover.tsx,52,10
plugins/catalog-backend/src/schema/openapi/generated/apis/Api.server.ts,plugins/catalog-backend/src/schema/openapi/generated/router.ts,52,10
plugins/bazaar/src/components/BazaarOverviewCard/BazaarOverviewCard.tsx,plugins/bazaar/src/components/ProjectCard/ProjectCard.tsx,52,10
plugins/catalog-backend/src/ingestion/processors/AnnotateLocationEntityProcessor.ts,plugins/catalog-backend/src/ingestion/processors/EntityPolicyProcessor.ts,52,10
packages/canon/src/components/Grid/Grid.tsx,packages/canon/src/components/Grid/types.ts,52,10
plugins/signals-backend/src/plugin.ts,plugins/signals-node/src/lib.ts,52,10
packages/core/src/layout/Sidebar/Intro.tsx,plugins/kubernetes/src/kubernetes-auth-provider/types.ts,52,10
packages/cli/src/modules/maintenance/index.ts,packages/cli/src/modules/translations/index.ts,52,10
plugins/user-settings/src/components/General/UserSettingsLanguageToggle.tsx,plugins/user-settings/src/components/General/UserSettingsThemeToggle.tsx,52,10
plugins/search/src/components/SearchFilter/SearchFilter.tsx,plugins/search/src/components/SearchFilter/index.ts,52,10
plugins/catalog-backend-module-bitbucket-server/src/lib/types.ts,plugins/catalog-backend-module-bitbucket-server/src/providers/BitbucketServerEntityProvider.ts,52,10
plugins/catalog-graph/src/components/EntityRelationsGraph/useEntityRelationGraph.ts,plugins/catalog-graph/src/components/EntityRelationsGraph/useEntityRelationNodesAndEdges.ts,52,10
packages/docgen/src/docgen/ApiDocGenerator.ts,packages/docgen/src/docgen/types.ts,52,10
plugins/badges-backend/src/badges.ts,plugins/badges-backend/src/lib/BadgeBuilder/DefaultBadgeBuilder.ts,52,10
plugins/azure-devops-backend/src/api/types.ts,plugins/azure-devops-backend/src/index.ts,52,10
plugins/catalog-react/src/components/InspectEntityDialog/InspectEntityDialog.tsx,plugins/catalog-react/src/components/InspectEntityDialog/components/AncestryPage.tsx,52,10
plugins/circleci/src/components/Layout/Layout.tsx,plugins/circleci/src/components/PluginHeader/PluginHeader.tsx,52,10
packages/cli/src/modules/new/index.ts,packages/cli/src/modules/translations/index.ts,52,10
packages/ui/src/components/HeaderPage/HeaderPage.tsx,packages/ui/src/components/HeaderPage/types.ts,52,10
plugins/catalog-backend/src/catalog/StaticEntitiesCatalog.ts,plugins/catalog-backend/src/ingestion/descriptors/ComponentDescriptorV1beta1Parser.ts,52,10
packages/canon/src/components/Heading/types.ts,packages/canon/src/components/Text/types.ts,52,10
plugins/catalog-react/src/components/EntityPeekAheadPopover/CardActionComponents/EntityCardActions.tsx,plugins/catalog-react/src/components/EntityPeekAheadPopover/EntityPeekAheadPopover.tsx,52,10
plugins/scaffolder/src/components/TemplateEditorPage/TemplateEditorForm.tsx,plugins/scaffolder/src/components/TemplateEditorPage/TemplateFormPreviewer.tsx,52,10
plugins/techdocs/src/home/components/Tables/DocsTable.tsx,plugins/techdocs/src/home/components/Tables/EntityListDocsTable.tsx,52,10
packages/cli/src/lib/new/factories/backendPlugin.ts,packages/cli/src/lib/new/factories/scaffolderModule.ts,52,10
plugins/tech-insights/src/api/TechInsightsApi.ts,plugins/tech-insights/src/index.ts,52,10
plugins/auth-backend/src/providers/microsoft/provider.ts,plugins/auth-backend/src/providers/oauth2/provider.ts,51,53
plugins/catalog-backend/src/database/CommonDatabase.ts,plugins/catalog-backend/src/database/types.ts,51,49
packages/backend-common/src/reading/BitbucketUrlReader.ts,packages/backend-common/src/reading/GitlabUrlReader.ts,51,47
packages/core-components/src/layout/Sidebar/MobileSidebar.tsx,packages/core-components/src/layout/Sidebar/SidebarGroup.tsx,51,29
plugins/notifications/src/api/NotificationsClient.ts,plugins/notifications/src/components/NotificationsPage/NotificationsPage.tsx,51,24
plugins/search-backend-module-pg/src/PgSearchEngine/PgSearchEngine.ts,plugins/search-backend-module-pg/src/database/types.ts,51,24
packages/frontend-app-api/src/extensions/Core.tsx,packages/frontend-app-api/src/extensions/CoreRoutes.tsx,51,18
plugins/catalog-unprocessed-entities/src/alpha/plugin.tsx,plugins/devtools/src/alpha/plugin.tsx,51,18
plugins/events-backend/dev/index.ts,plugins/events-backend/src/service/hub/EventHub.ts,51,16
plugins/scaffolder-backend-module-github/src/actions/githubDeployKey.ts,plugins/scaffolder-backend-module-github/src/actions/githubEnvironment.ts,51,16
plugins/scaffolder-backend/src/scaffolder/stages/prepare/azure.ts,plugins/scaffolder-backend/src/scaffolder/stages/prepare/types.ts,51,16
plugins/techdocs-backend/src/plugin.ts,plugins/techdocs-node/src/extensions.ts,51,14
packages/core-components/src/components/ProgressBars/Gauge.tsx,packages/core-components/src/components/ProgressBars/GaugeCard.tsx,51,14
packages/catalog-model/src/kinds/LocationEntityV1alpha1.ts,packages/catalog-model/src/kinds/UserEntityV1alpha1.ts,51,14
plugins/scaffolder-backend-module-github/src/actions/githubActionsDispatch.ts,plugins/scaffolder-backend-module-github/src/actions/githubWebhook.ts,51,14
plugins/bazaar/src/components/AddProjectDialog/AddProjectDialog.tsx,plugins/bazaar/src/components/EntityBazaarInfoCard/EntityBazaarInfoCard.tsx,51,14
plugins/scaffolder-backend-module-github/src/actions/githubDeployKey.ts,plugins/scaffolder-backend-module-github/src/actions/githubRepoCreate.ts,51,14
packages/cli/src/modules/build/index.ts,packages/cli/src/modules/create-github-app/index.ts,51,14
packages/catalog-model/src/kinds/ApiEntityV1alpha1.ts,packages/catalog-model/src/kinds/ComponentEntityV1alpha1.ts,51,14
packages/ui/src/components/Header/HeaderToolbar.tsx,packages/ui/src/components/Header/types.ts,51,14
packages/frontend-plugin-api/src/wiring/createExtension.ts,packages/frontend-plugin-api/src/wiring/createExtensionBlueprint.ts,50,86
plugins/scaffolder-backend/src/scaffolder/tasks/DatabaseTaskStore.ts,plugins/scaffolder-backend/src/scaffolder/tasks/StorageTaskBroker.ts,50,76
plugins/catalog-backend-module-gitlab/src/lib/types.ts,plugins/catalog-backend-module-gitlab/src/providers/config.ts,50,34
plugins/org/src/components/Cards/OwnershipCard/ComponentsGrid.tsx,plugins/org/src/components/Cards/OwnershipCard/useGetEntities.ts,50,28
plugins/techdocs-node/src/stages/generate/techdocs.ts,plugins/techdocs-node/src/stages/generate/types.ts,50,28
packages/backend-tasks/src/tasks/PluginTaskSchedulerImpl.ts,packages/backend-tasks/src/tasks/types.ts,50,26
plugins/catalog-backend-module-ldap/src/ldap/config.ts,plugins/catalog-backend-module-ldap/src/ldap/read.ts,50,26
plugins/scaffolder-backend/src/scaffolder/actions/builtin/github/helpers.ts,plugins/scaffolder-backend/src/scaffolder/actions/builtin/github/inputProperties.ts,50,24
plugins/kubernetes/src/api/types.ts,plugins/kubernetes/src/components/KubernetesContent/KubernetesContent.tsx,50,22
plugins/scaffolder/src/components/fields/EntityTagsPicker/EntityTagsPicker.tsx,plugins/scaffolder/src/components/fields/OwnedEntityPicker/OwnedEntityPicker.tsx,50,20
packages/techdocs-cli/src/commands/serve/mkdocs.ts,packages/techdocs-cli/src/commands/serve/serve.ts,50,20
plugins/git-release-manager/src/features/Patch/hooks/usePatch.ts,plugins/git-release-manager/src/features/PromoteRc/hooks/usePromoteRc.ts,50,20
plugins/tech-insights-backend/src/service/fact/FactRetrieverEngine.ts,plugins/tech-insights-backend/src/service/fact/FactRetrieverRegistry.ts,50,18
plugins/catalog-backend/src/catalog/StaticEntitiesCatalog.ts,plugins/catalog-backend/src/database/Database.ts,50,18
plugins/scaffolder-backend-module-github/src/actions/githubRepoCreate.ts,plugins/scaffolder-backend-module-github/src/actions/inputProperties.ts,50,16
plugins/github-release-manager/src/api/PluginApiClient.ts,plugins/github-release-manager/src/cards/createRc/CreateRc.tsx,50,16
plugins/scaffolder-backend/src/scaffolder/actions/builtin/github/githubActionsDispatch.ts,plugins/scaffolder-backend/src/scaffolder/actions/builtin/github/githubWebhook.ts,50,16
packages/ui/src/components/Header/Header.tsx,packages/ui/src/components/Header/HeaderToolbar.tsx,50,16
packages/backend-test-utils/src/next/services/MockAuthService.ts,packages/backend-test-utils/src/next/services/mockCredentials.ts,50,16
plugins/scaffolder/src/components/ScaffolderPage/index.tsx,plugins/scaffolder/src/components/TemplateCard.tsx,50,14
plugins/catalog/src/components/DependsOnComponentsCard/DependsOnComponentsCard.tsx,plugins/catalog/src/components/HasComponentsCard/HasComponentsCard.tsx,50,14
plugins/github-release-manager/src/cards/patchRc/sideEffects/patch.ts,plugins/github-release-manager/src/test-helpers/test-helpers.ts,50,14
packages/catalog-model/src/entity/policies/FieldFormatEntityPolicy.ts,packages/catalog-model/src/validation/makeValidator.ts,50,14
plugins/catalog-react/src/apis/EntityPresentationApi/EntityPresentationApi.ts,plugins/catalog/src/apis/EntityPresentationApi/DefaultEntityPresentationApi.ts,50,14
packages/yarn-plugin/src/resolver/BackstageResolver.ts,packages/yarn-plugin/src/util.ts,50,14
plugins/splunk-on-call/src/api/types.ts,plugins/splunk-on-call/src/components/SplunkOnCallCard.tsx,50,14
packages/cli/src/modules/build/index.ts,packages/cli/src/modules/new/index.ts,50,14
packages/cli/src/modules/build/index.ts,packages/cli/src/modules/test/index.ts,50,14
plugins/catalog/src/components/DependsOnResourcesCard/DependsOnResourcesCard.tsx,plugins/catalog/src/components/HasComponentsCard/HasComponentsCard.tsx,50,14
packages/config-loader/src/sources/RemoteConfigSource.ts,packages/config-loader/src/sources/StaticConfigSource.ts,50,14
packages/cli/src/commands/config/print.ts,packages/cli/src/commands/config/validate.ts,50,12
packages/catalog-model/src/kinds/ApiEntityV1alpha1.ts,packages/catalog-model/src/kinds/UserEntityV1alpha1.ts,50,12
plugins/signals-backend/src/plugin.ts,plugins/signals-backend/src/service/SignalManager.ts,50,12
plugins/catalog/src/components/DependencyOfComponentsCard/DependencyOfComponentsCard.tsx,plugins/catalog/src/components/HasComponentsCard/HasComponentsCard.tsx,50,12
plugins/bazaar/src/components/EntityBazaarInfoCard/EntityBazaarInfoCard.tsx,plugins/bazaar/src/types.ts,50,12
plugins/signals-backend/src/service/SignalManager.ts,plugins/signals-node/src/types.ts,50,12
plugins/git-release-manager/src/features/Info/Info.tsx,plugins/git-release-manager/src/features/Patch/PatchBody.tsx,50,12
plugins/scaffolder/src/components/fields/OwnerPicker/OwnerPicker.tsx,plugins/scaffolder/src/components/fields/OwnerPicker/index.ts,50,12
plugins/git-release-manager/src/features/Patch/PatchBody.tsx,plugins/git-release-manager/src/features/PromoteRc/PromoteRc.tsx,50,12
packages/backend-common/src/database/postgres.ts,packages/backend-common/src/database/sqlite3.ts,50,12
plugins/github-release-manager/src/GitHubReleaseManager.tsx,plugins/github-release-manager/src/cards/projectForm/Repo.tsx,50,12
plugins/scaffolder-backend-module-github/src/actions/githubActionsDispatch.ts,plugins/scaffolder-backend-module-github/src/actions/githubBranchProtection.ts,50,12
packages/backend-app-api/src/config/ObservableConfigProxy.ts,packages/backend-app-api/src/config/config.ts,50,12
plugins/tech-radar/src/components/Radar/Radar.tsx,plugins/tech-radar/src/components/RadarGrid/RadarGrid.tsx,50,12
plugins/scaffolder-backend-module-github/src/actions/githubActionsDispatch.ts,plugins/scaffolder-backend-module-github/src/actions/githubRepoPush.ts,50,12
packages/backend/src/plugins/notifications.ts,plugins/notifications-node/src/service/DefaultNotificationService.ts,50,12
packages/ui/src/components/Header/Header.tsx,packages/ui/src/components/HeaderPage/types.ts,50,12
plugins/git-release-manager/src/features/Patch/PatchBody.tsx,plugins/git-release-manager/src/features/PromoteRc/PromoteRcBody.tsx,50,12
plugins/circleci/src/pages/BuildsPage/BuildsPage.tsx,plugins/circleci/src/pages/DetailedViewPage/DetailedViewPage.tsx,50,12
plugins/incremental-ingestion-backend/src/database/IncrementalIngestionDatabaseManager.ts,plugins/incremental-ingestion-backend/src/engine/IncrementalIngestionEngine.ts,50,12
plugins/github-actions/src/api/GithubActionsApi.ts,plugins/github-actions/src/components/BuildInfoCard/BuildInfoCard.tsx,50,12
plugins/splunk-on-call/src/components/Escalation/EscalationPolicy.tsx,plugins/splunk-on-call/src/components/TriggerDialog/TriggerDialog.tsx,50,12
plugins/bazaar/src/components/EditProjectDialog/EditProjectDialog.tsx,plugins/bazaar/src/components/InputField/InputField.tsx,50,12
packages/config-loader/src/lib/reader.ts,packages/config-loader/src/lib/secrets.ts,50,12
packages/core/src/components/CheckboxTree/CheckboxTree.tsx,packages/core/src/components/Select/Select.tsx,50,12
plugins/github-release-manager/src/cards/patchRc/Patch.tsx,plugins/github-release-manager/src/cards/patchRc/PatchBody.tsx,50,10
plugins/search-backend-module-catalog/src/alpha.ts,plugins/search-backend-module-explore/src/alpha.ts,50,10
plugins/catalog-import/src/components/StepPrepareCreatePullRequest/PreparePullRequestForm.tsx,plugins/cloudbuild/src/components/WorkflowRunDetails/useWorkflowRunJobs.ts,50,10
packages/catalog-model/src/kinds/ApiEntityV1alpha1.ts,packages/catalog-model/src/kinds/TemplateEntityV1alpha1.ts,50,10
packages/core-plugin-api/src/analytics/types.ts,packages/core-plugin-api/src/analytics/useAnalytics.tsx,50,10
plugins/search-backend-module-pg/src/PgSearchEngine/index.ts,plugins/search-backend-module-pg/src/database/types.ts,50,10
packages/canon/src/components/Header/Header.tsx,packages/canon/src/components/HeaderPage/HeaderPage.tsx,50,10
packages/config-loader/src/sources/index.ts,packages/config-loader/src/sources/types.ts,50,10
packages/config-loader/src/lib/secrets.ts,packages/config-loader/src/lib/types.ts,50,10
plugins/catalog-react/src/components/InspectEntityDialog/InspectEntityDialog.tsx,plugins/catalog-react/src/components/InspectEntityDialog/components/OverviewPage.tsx,50,10
plugins/catalog/src/components/DependencyOfComponentsCard/DependencyOfComponentsCard.tsx,plugins/catalog/src/components/DependsOnResourcesCard/DependsOnResourcesCard.tsx,50,10
plugins/catalog-backend/src/ingestion/processors/BitbucketApiReaderProcessor.ts,plugins/catalog-backend/src/ingestion/processors/GitlabReaderProcessor.ts,50,10
packages/catalog-client/src/schema/openapi/generated/apis/Api.client.ts,plugins/catalog-backend/src/schema/openapi/generated/router.ts,50,10
packages/backend-dynamic-feature-service/src/manager/index.ts,packages/backend-dynamic-feature-service/src/manager/plugin-manager.ts,50,10
plugins/incremental-ingestion-backend/src/database/migrations.ts,plugins/incremental-ingestion-backend/src/types.ts,50,10
plugins/circleci/src/pages/DetailedViewPage/DetailedViewPage.tsx,plugins/circleci/src/state/models/buildWithSteps.ts,50,10
packages/ui/src/components/ToggleButton/ToggleButton.tsx,packages/ui/src/hooks/useBg.tsx,50,10
packages/ui/src/components/PasswordField/PasswordField.tsx,packages/ui/src/components/TextField/TextField.tsx,50,10
plugins/azure-devops/src/hooks/useGitTags.ts,plugins/azure-devops/src/hooks/usePullRequests.ts,50,10
packages/catalog-model/src/location/annotation.ts,packages/catalog-model/src/location/index.ts,50,10
plugins/github-release-manager/src/cards/patchRc/sideEffects/patch.ts,plugins/github-release-manager/src/types/types.ts,50,10
packages/docgen/src/docgen/ApiDocGenerator.ts,packages/docgen/src/docgen/TypeLocator.ts,50,10
packages/backend/src/plugins/signals.ts,plugins/signals-backend/src/service/router.ts,50,10
packages/ui/src/components/Toast/ToastQueue.ts,packages/ui/src/components/Toast/definition.ts,50,10
packages/core/src/layout/Sidebar/Intro.tsx,plugins/lighthouse/src/api.ts,50,10
plugins/scaffolder/src/next/TemplateWizardPage/Stepper/schema.ts,plugins/scaffolder/src/next/TemplateWizardPage/Stepper/useTemplateSchema.ts,50,10
packages/cli/src/modules/lint/index.ts,packages/cli/src/modules/translations/index.ts,50,10
plugins/techdocs/src/home/components/DefaultTechDocsHome.tsx,plugins/techdocs/src/home/components/TechDocsPageWrapper.tsx,50,10
packages/docgen/src/docgen/ApiDocGenerator.ts,packages/docgen/src/docgen/ApiDocPrinter.ts,50,10
plugins/github-release-manager/src/cards/createRc/CreateRc.tsx,plugins/github-release-manager/src/cards/info/Info.tsx,50,10
plugins/bazaar/src/components/ProjectDialog/ProjectDialog.tsx,plugins/bazaar/src/types.ts,50,10
plugins/catalog-backend/src/ingestion/processors/AzureApiReaderProcessor.ts,plugins/catalog-backend/src/ingestion/processors/GitlabReaderProcessor.ts,50,10
plugins/scaffolder-react/src/extensions/index.tsx,plugins/scaffolder-react/src/next/index.ts,50,10
plugins/github-release-manager/src/cards/patchRc/sideEffects/patch.ts,plugins/github-release-manager/src/cards/promoteRc/PromoteRcBody.tsx,50,10
packages/core-app-api/src/lib/AuthConnector/DefaultAuthConnector.ts,packages/core-app-api/src/lib/AuthConnector/types.ts,50,10
plugins/scaffolder/src/components/JobStage/JobStage.tsx,plugins/scaffolder/src/components/JobStage/LogModal.tsx,50,10
packages/backend-defaults/src/entrypoints/auth/DefaultAuthService.ts,packages/backend-defaults/src/entrypoints/auth/authServiceFactory.ts,50,10
plugins/kubernetes-backend/src/auth/GoogleServiceAccountStrategy.ts,plugins/kubernetes-backend/src/auth/types.ts,50,10
plugins/tech-radar/src/components/RadarEntry/RadarEntry.tsx,plugins/tech-radar/src/components/RadarFooter/RadarFooter.tsx,50,10
packages/cli/src/modules/translations/commands/import.ts,packages/cli/src/modules/translations/index.ts,50,10
plugins/circleci/src/pages/DetailedViewPage/DetailedViewPage.tsx,plugins/circleci/src/pages/DetailedViewPage/lib/ActionOutput/ActionOutput.tsx,50,10
plugins/catalog-react/src/alpha/blueprints/EntityCardBlueprint.ts,plugins/catalog-react/src/alpha/blueprints/EntityContentBlueprint.ts,50,10
plugins/auth-backend/src/providers/github/provider.ts,plugins/auth-backend/src/providers/gitlab/provider.ts,49,61
plugins/jenkins-backend/src/service/jenkinsApi.ts,plugins/jenkins-backend/src/service/router.ts,49,35
plugins/catalog-backend-module-gitlab/src/providers/GitlabDiscoveryEntityProvider.ts,plugins/catalog-backend-module-gitlab/src/providers/config.ts,49,29
plugins/catalog-backend/src/next/DefaultCatalogProcessingEngine.ts,plugins/catalog-backend/src/next/database/DefaultProcessingDatabase.ts,48,52
plugins/auth-backend/src/providers/auth0/provider.ts,plugins/auth-backend/src/providers/okta/provider.ts,48,52
plugins/catalog-react/src/components/EntityLifecyclePicker/EntityLifecyclePicker.tsx,plugins/catalog-react/src/components/EntityOwnerPicker/EntityOwnerPicker.tsx,48,46
plugins/search/src/components/index.tsx,plugins/search/src/index.ts,48,29
plugins/tech-radar/src/api.ts,plugins/tech-radar/src/components/RadarComponent.tsx,48,29
plugins/git-release-manager/src/features/CreateReleaseCandidate/hooks/useCreateReleaseCandidate.ts,plugins/git-release-manager/src/test-helpers/test-helpers.ts,48,27
plugins/catalog-backend-module-github/src/providers/GithubEntityProvider.ts,plugins/catalog-backend-module-github/src/providers/GithubEntityProviderConfig.ts,48,25
packages/canon/src/components/TextField/TextField.tsx,packages/canon/src/components/TextField/types.ts,48,23
plugins/api-docs/src/components/ComponentsCards/ProvidingComponentsCard.tsx,plugins/catalog/src/components/HasSubcomponentsCard/HasSubcomponentsCard.tsx,48,23
packages/backend-common/src/cache/CacheClient.ts,packages/backend-common/src/cache/CacheManager.ts,48,21
plugins/azure-devops/src/constants.ts,plugins/azure-devops/src/plugin.ts,48,19
plugins/azure-devops/src/api/types.ts,plugins/azure-devops/src/components/BuildTable/BuildTable.tsx,48,19
plugins/azure-devops/src/plugin.ts,plugins/azure-devops/src/routes.ts,48,19
packages/config-loader/src/lib/schema/compile.ts,packages/config-loader/src/lib/schema/types.ts,48,19
plugins/scaffolder-backend-module-github/src/actions/githubEnvironment.ts,plugins/scaffolder-backend-module-github/src/actions/githubPagesEnable.ts,48,17
plugins/lighthouse/src/components/AuditList/index.tsx,plugins/lighthouse/src/components/AuditView/index.tsx,48,17
plugins/splunk-on-call/src/components/SplunkOnCallCard.tsx,plugins/splunk-on-call/src/components/TriggerDialog/TriggerDialog.tsx,48,17
plugins/catalog/src/components/DependsOnComponentsCard/DependsOnComponentsCard.tsx,plugins/catalog/src/components/RelatedEntitiesCard/RelatedEntitiesCard.tsx,48,17
plugins/lighthouse/src/components/AuditList/index.tsx,plugins/lighthouse/src/components/CreateAudit/index.tsx,48,17
plugins/todo-backend/src/service/TodoReaderService.ts,plugins/todo-backend/src/service/types.ts,48,17
plugins/events-backend/src/service/hub/createEventBusRouter.ts,plugins/events-backend/src/service/hub/types.ts,48,17
plugins/catalog/src/components/AboutCard/AboutContent.tsx,plugins/catalog/src/components/AboutCard/AboutField.tsx,48,17
plugins/bazaar/src/components/ProjectCard/ProjectCard.tsx,plugins/bazaar/src/components/SortView/SortView.tsx,48,17
packages/frontend-app-api/src/extensions/CoreNav.tsx,packages/frontend-app-api/src/extensions/CoreRoutes.tsx,48,17
plugins/tech-radar/src/components/RadarGrid/RadarGrid.tsx,plugins/tech-radar/src/components/RadarPlot/RadarPlot.tsx,48,15
plugins/notifications/src/api/NotificationsApi.ts,plugins/notifications/src/components/NotificationsFilters/NotificationsFilters.tsx,48,15
packages/cli/src/modules/build/index.ts,packages/cli/src/modules/lint/index.ts,48,15
packages/integration/src/ScmIntegrations.ts,packages/integration/src/github/GitHubIntegration.ts,48,15
plugins/scaffolder-backend/src/scaffolder/actions/builtin/github/OctokitProvider.ts,plugins/scaffolder-backend/src/scaffolder/actions/builtin/github/githubWebhook.ts,48,15
plugins/scaffolder-backend-module-github/src/actions/githubPagesEnable.ts,plugins/scaffolder-backend-module-github/src/actions/githubRepoCreate.ts,48,15
plugins/newrelic-dashboard/src/components/NewRelicDashboard/DashboardEntityList.tsx,plugins/newrelic-dashboard/src/components/NewRelicDashboard/DashboardSnapshotList/DashboardSnapshot.tsx,48,15
packages/config-loader/src/sources/FileConfigSource.ts,packages/config-loader/src/sources/types.ts,48,15
plugins/bazaar/src/components/EditProjectDialog/EditProjectDialog.tsx,plugins/bazaar/src/components/EntityBazaarInfoCard/EntityBazaarInfoCard.tsx,48,15
plugins/catalog-import/src/api/CatalogImportApi.ts,plugins/catalog-import/src/util/useGithubRepos.ts,48,15
plugins/playlist/src/components/PlaylistEditDialog/PlaylistEditDialog.tsx,plugins/playlist/src/components/PlaylistPage/PlaylistHeader.tsx,48,15
plugins/scaffolder/src/components/fields/RepoUrlPicker/AzureRepoPicker.tsx,plugins/scaffolder/src/components/fields/RepoUrlPicker/GithubRepoPicker.tsx,48,15
plugins/tech-radar/src/components/RadarDescription/RadarDescription.tsx,plugins/tech-radar/src/components/RadarEntry/RadarEntry.tsx,48,13
plugins/kubernetes/src/api/types.ts,plugins/kubernetes/src/kubernetes-auth-provider/GoogleKubernetesAuthProvider.ts,48,13
packages/canon/src/types.ts,packages/canon/src/utils/getClassNames.ts,48,13
plugins/catalog-react/src/alpha/blueprints/extensionData.tsx,plugins/catalog/src/alpha/components/EntityTabs/EntityTabs.tsx,48,13
plugins/linguist-backend/src/service/router.ts,plugins/linguist-backend/src/service/standaloneServer.ts,48,13
plugins/catalog-react/src/alpha/blueprints/extensionData.tsx,plugins/catalog/src/alpha/components/EntityTabs/EntityTabsList.tsx,48,13
plugins/github-deployments/src/components/GithubDeploymentsTable/GithubDeploymentsTable.tsx,plugins/github-deployments/src/mocks/mocks.ts,48,13
packages/cli/src/modules/lint/commands/repo/lint.ts,packages/cli/src/modules/new/commands/new.ts,48,13
packages/cli/src/modules/build/commands/repo/build.ts,packages/cli/src/modules/lint/commands/repo/lint.ts,48,13
packages/cli/src/modules/info/commands/info.ts,packages/cli/src/modules/info/index.ts,48,13
plugins/azure-devops/src/api/types.ts,plugins/azure-devops/src/hooks/useRepoBuilds.ts,48,13
plugins/vault-backend/src/service/vaultApi.ts,plugins/vault/src/api.ts,48,13
plugins/jenkins/src/components/Router.tsx,plugins/jenkins/src/index.ts,48,13
plugins/catalog-backend/src/next/NextRouter.ts,plugins/catalog-backend/src/next/index.ts,48,13
packages/core/src/layout/SignInPage/commonProvider.tsx,packages/core/src/layout/SignInPage/providers.tsx,48,13
packages/ui/src/components/ButtonLink/definition.ts,packages/ui/src/hooks/useDefinition/useDefinition.tsx,48,13
plugins/catalog/src/components/ComponentMetadataCard/ComponentMetadataCard.tsx,plugins/catalog/src/components/ComponentPage/ComponentPage.tsx,48,13
packages/canon/src/components/Icon/Icon.tsx,packages/canon/src/contexts/canon.tsx,48,13
packages/repo-tools/src/commands/package/schema/openapi/generate/client.ts,packages/repo-tools/src/commands/package/schema/openapi/generate/index.ts,48,13
plugins/auth-backend/src/providers/auth0/provider.ts,plugins/auth-backend/src/providers/gitlab/provider.ts,47,47
packages/backend-common/src/reading/AzureUrlReader.ts,packages/backend-common/src/reading/GitlabUrlReader.ts,47,45
plugins/scaffolder-backend/src/scaffolder/actions/builtin/publish/bitbucket.ts,plugins/scaffolder-backend/src/scaffolder/actions/builtin/publish/gitlab.ts,47,44
plugins/catalog-backend/src/next/database/DefaultProcessingDatabase.ts,plugins/catalog-backend/src/next/database/types.ts,47,43
plugins/catalog-backend/src/next/DefaultCatalogProcessingEngine.ts,plugins/catalog-backend/src/next/DefaultLocationStore.ts,47,34
plugins/search/src/index.ts,plugins/search/src/plugin.ts,47,34
packages/canon/src/components/Button/Button.tsx,packages/canon/src/components/Button/types.ts,47,26
plugins/search-backend-node/src/IndexBuilder.ts,plugins/search-backend-node/src/index.ts,47,23
packages/techdocs-cli/src/commands/serve/serve.ts,packages/techdocs-cli/src/lib/mkdocsServer.ts,47,21
packages/config-loader/src/lib/schema/compile.ts,packages/config-loader/src/lib/schema/load.ts,47,21
packages/cli/src/commands/backend/dev.ts,packages/cli/src/commands/plugin/serve.ts,47,19
plugins/catalog-backend/src/service/DefaultLocationService.ts,plugins/catalog-backend/src/service/types.ts,47,19
packages/catalog-model/src/EntityPolicies.ts,packages/catalog-model/src/kinds/index.ts,47,19
plugins/scaffolder-backend-module-cookiecutter/src/actions/fetch/cookiecutter.ts,plugins/scaffolder-backend-module-rails/src/actions/fetch/rails/index.ts,47,19
packages/backend/src/plugins/techdocs.ts,packages/create-app/templates/default-app/packages/backend/src/plugins/techdocs.ts,47,19
plugins/tech-radar/src/components/RadarEntry/RadarEntry.tsx,plugins/tech-radar/src/components/RadarLegend/RadarLegend.tsx,47,19
plugins/scaffolder/src/components/fields/RepoUrlPicker/GithubRepoPicker.tsx,plugins/scaffolder/src/components/fields/RepoUrlPicker/GitlabRepoPicker.tsx,47,17
plugins/permission-common/src/types/index.ts,plugins/permission-common/src/types/permission.ts,47,17
plugins/airbrake/dev/index.tsx,plugins/airbrake/src/plugin.ts,47,17
plugins/events-backend/src/service/hub/MemoryEventBusStore.ts,plugins/events-backend/src/service/hub/createEventBusRouter.ts,47,17
plugins/catalog-import/src/components/ImportComponentForm.tsx,plugins/catalog-import/src/components/ImportComponentPage.tsx,47,11
packages/frontend-plugin-api/src/extensions/createNavItemExtension.tsx,packages/frontend-plugin-api/src/extensions/createTranslationExtension.ts,47,11
plugins/catalog-backend-module-ldap/src/ldap/index.ts,plugins/catalog-backend-module-ldap/src/processors/LdapOrgReaderProcessor.ts,47,11
plugins/cloudbuild/src/components/WorkflowRunDetails/useWorkflowRunJobs.ts,plugins/kubernetes/src/kubernetes-auth-provider/types.ts,47,11
plugins/kubernetes/src/kubernetes-auth-provider/KubernetesAuthProviders.ts,plugins/kubernetes/src/kubernetes-auth-provider/ServiceAccountKubernetesAuthProvider.ts,47,11
plugins/circleci/src/components/Layout/Layout.tsx,plugins/circleci/src/pages/BuildsPage/lib/CITable/CITable.tsx,47,11
plugins/catalog-backend/src/permissions/rules/isEntityOwner.ts,plugins/playlist-backend/src/permissions/rules.ts,47,11
plugins/catalog-backend/src/permissions/rules/isEntityKind.ts,plugins/playlist-backend/src/permissions/rules.ts,47,11
plugins/kubernetes-node/src/index.ts,plugins/kubernetes-node/src/types/types.ts,47,11
plugins/catalog-react/src/alpha/blueprints/EntityContentBlueprint.ts,plugins/catalog-react/src/alpha/converters/convertLegacyEntityContentExtension.tsx,47,11
plugins/github-release-manager/src/cards/createRc/CreateRc.tsx,plugins/github-release-manager/src/cards/createRc/sideEffects/createRc.ts,47,11
plugins/github-release-manager/src/cards/patchRc/PatchBody.tsx,plugins/github-release-manager/src/components/ResponseStepList/ResponseStepList.tsx,47,11
plugins/circleci/src/components/PluginHeader/PluginHeader.tsx,plugins/circleci/src/pages/BuildsPage/lib/Builds/Builds.tsx,47,11
packages/core-app-api/src/apis/implementations/auth/bitbucket/BitbucketAuth.ts,packages/core-app-api/src/apis/implementations/auth/github/GithubAuth.ts,47,11
plugins/catalog/src/components/EntitySwitch/conditions.ts,plugins/catalog/src/components/EntitySwitch/index.ts,47,11
plugins/scaffolder/src/components/fields/EntityPicker/schema.ts,plugins/scaffolder/src/components/fields/EntityTagsPicker/schema.ts,47,11
plugins/kubernetes-backend/src/kubernetes-auth-translator/GoogleKubernetesAuthTranslator.ts,plugins/kubernetes-backend/src/kubernetes-auth-translator/OidcKubernetesAuthTranslator.ts,47,11
packages/ui/src/components/SearchField/SearchField.tsx,packages/ui/src/components/SearchField/types.ts,47,11
packages/frontend-plugin-api/src/extensions/createNavItemExtension.tsx,packages/frontend-plugin-api/src/extensions/createNavLogoExtension.tsx,47,11
plugins/signals-node/src/types.ts,plugins/signals-react/src/api/SignalApi.ts,47,11
packages/backend-common/src/database/connectors/mysql.ts,packages/backend-common/src/database/connectors/sqlite3.ts,47,11
packages/core/src/components/CheckboxTree/CheckboxTree.tsx,packages/core/src/components/Table/Filters.tsx,47,11
packages/ui/src/components/Toast/index.ts,packages/ui/src/components/Toast/types.ts,47,11
packages/core-app-api/src/apis/implementations/auth/types.ts,packages/core-app-api/src/lib/AuthConnector/DefaultAuthConnector.ts,47,11
plugins/badges/src/api/BadgesClient.ts,plugins/badges/src/plugin.ts,47,11
plugins/catalog-backend/src/permissions/rules/hasLabel.ts,plugins/playlist-backend/src/permissions/rules.ts,47,11
plugins/cost-insights/src/components/ProductInsightsCard/ProductEntityDialog.tsx,plugins/cost-insights/src/components/ProductInsightsCard/ProductInsightsChart.tsx,47,11
plugins/bazaar/src/components/ProjectPreview/ProjectPreview.tsx,plugins/bazaar/src/types.ts,47,11
plugins/scaffolder-backend/src/scaffolder/tasks/DatabaseTaskStore.ts,plugins/scaffolder-backend/src/scaffolder/tasks/types.ts,46,81
plugins/scaffolder-backend/src/scaffolder/tasks/StorageTaskBroker.ts,plugins/scaffolder-node/src/tasks/types.ts,46,57
plugins/auth-backend/src/providers/gitlab/provider.ts,plugins/auth-backend/src/providers/microsoft/provider.ts,46,54
plugins/auth-backend/src/providers/auth0/provider.ts,plugins/auth-backend/src/providers/microsoft/provider.ts,46,49
packages/core-api/src/app/App.tsx,packages/core-api/src/app/types.ts,46,45
plugins/catalog-backend/src/next/DefaultLocationStore.ts,plugins/catalog-backend/src/next/types.ts,46,30
plugins/catalog-backend-module-msgraph/src/microsoftGraph/read.ts,plugins/catalog-backend-module-msgraph/src/processors/MicrosoftGraphOrgReaderProcessor.ts,46,28
packages/ui/src/definitions.ts,packages/ui/src/index.ts,46,26
packages/core/src/api/app/AppBuilder.tsx,packages/core/src/api/app/FeatureFlags.tsx,46,24
plugins/catalog-backend-module-ldap/src/ldap/client.ts,plugins/catalog-backend-module-ldap/src/ldap/vendors.ts,46,24
plugins/catalog-backend-module-msgraph/src/microsoftGraph/config.ts,plugins/catalog-backend-module-msgraph/src/processors/MicrosoftGraphOrgReaderProcessor.ts,46,22
plugins/api-docs/src/components/ApisCards/HasApisCard.tsx,plugins/catalog/src/components/HasSubcomponentsCard/HasSubcomponentsCard.tsx,46,22
plugins/azure-devops/src/index.ts,plugins/azure-devops/src/plugin.ts,46,22
packages/core/src/components/Table/Filters.tsx,packages/core/src/components/Table/Table.tsx,46,20
packages/catalog-client/src/testUtils/InMemoryCatalogClient.ts,plugins/catalog-node/src/testUtils/catalogServiceMock.ts,46,20
packages/cli/src/commands/app/build.ts,packages/cli/src/commands/backend/dev.ts,46,20
packages/backend-common/src/cache/CacheManager.ts,packages/backend-common/src/cache/types.ts,46,20
plugins/catalog-backend-module-incremental-ingestion/src/module/WrapperProviders.ts,plugins/catalog-backend-module-incremental-ingestion/src/module/incrementalIngestionEntityProviderCatalogModule.ts,46,15
packages/frontend-plugin-api/src/extensions/createApiExtension.ts,packages/frontend-plugin-api/src/extensions/createNavItemExtension.tsx,46,15
packages/core-components/src/components/ProgressBars/GaugeCard.tsx,packages/core-components/src/layout/InfoCard/InfoCard.tsx,46,15
plugins/bazaar/src/components/SortView/SortView.tsx,plugins/bazaar/src/types.ts,46,15
plugins/bazaar/src/api.ts,plugins/bazaar/src/components/AddProjectDialog/AddProjectDialog.tsx,46,15
packages/integration/src/ScmIntegrations.ts,packages/integration/src/types.ts,46,15
packages/frontend-plugin-api/src/components/PageLayout.tsx,plugins/app/src/extensions/components.tsx,46,15
plugins/github-release-manager/src/cards/createRc/CreateRc.tsx,plugins/github-release-manager/src/test-helpers/test-helpers.ts,46,15
packages/cli/src/modules/build/index.ts,packages/cli/src/modules/config/index.ts,46,15
plugins/scaffolder-backend-module-github/src/actions/githubEnvironment.ts,plugins/scaffolder-backend-module-github/src/actions/githubIssuesLabel.ts,46,15
plugins/github-actions/src/api/GithubActionsApi.ts,plugins/github-actions/src/api/types.ts,46,13
packages/integration/src/azure/config.ts,packages/integration/src/bitbucket/config.ts,46,13
packages/config-loader/src/sources/EnvConfigSource.ts,packages/config-loader/src/sources/types.ts,46,13
packages/frontend-plugin-api/src/extensions/createApiExtension.ts,packages/frontend-plugin-api/src/extensions/createSignInPageExtension.tsx,46,13
packages/ui/src/components/Card/definition.ts,packages/ui/src/hooks/useDefinition/useDefinition.tsx,46,13
plugins/scaffolder-backend-module-github/src/actions/githubIssuesLabel.ts,plugins/scaffolder-backend-module-github/src/actions/githubRepoCreate.ts,46,13
plugins/bazaar-backend/src/service/DatabaseHandler.ts,plugins/bazaar-backend/src/service/router.ts,46,13
packages/canon/src/components/Icon/Icon.tsx,packages/canon/src/components/Icon/types.ts,46,13
packages/config-loader/src/sources/FileConfigSource.ts,packages/config-loader/src/sources/StaticConfigSource.ts,46,13
plugins/auth-backend/src/providers/google/provider.ts,plugins/auth-backend/src/providers/okta/provider.ts,45,77
plugins/scaffolder/src/next/Router/Router.tsx,plugins/scaffolder/src/next/TemplateWizardPage/TemplateWizardPage.tsx,45,55
plugins/notifications-backend/src/service/router.ts,plugins/notifications/src/api/NotificationsClient.ts,45,44
plugins/catalog-backend/src/next/DefaultCatalogProcessingEngine.ts,plugins/catalog-backend/src/next/types.ts,45,40
plugins/techdocs/src/index.ts,plugins/techdocs/src/plugin.ts,45,31
packages/config/src/reader.ts,packages/config/src/types.ts,45,31
plugins/catalog-graph/src/components/CatalogGraphCard/CatalogGraphCard.tsx,plugins/catalog-graph/src/components/EntityRelationsGraph/EntityRelationsGraph.tsx,45,27
packages/techdocs-cli/src/commands/generate/generate.ts,plugins/techdocs-node/src/stages/generate/techdocs.ts,45,27
plugins/catalog-import/src/alpha.tsx,plugins/user-settings/src/alpha.tsx,45,27
plugins/git-release-manager/src/api/GitReleaseApiClient.ts,plugins/git-release-manager/src/features/CreateReleaseCandidate/hooks/useCreateReleaseCandidate.ts,45,27
packages/core-plugin-api/src/extensions/extensions.tsx,packages/core-plugin-api/src/plugin/types.ts,45,24
packages/frontend-plugin-api/src/extensions/createApiExtension.ts,packages/frontend-plugin-api/src/extensions/createPageExtension.tsx,45,22
packages/backend/src/plugins/techdocs.ts,plugins/techdocs-backend/src/service/standaloneServer.ts,45,22
plugins/catalog/src/components/CatalogSearchResultListItem/CatalogSearchResultListItem.tsx,plugins/search-react/src/components/DefaultResultListItem/DefaultResultListItem.tsx,45,20
plugins/github-release-manager/src/GitHubReleaseManager.tsx,plugins/github-release-manager/src/api/PluginApiClient.ts,45,18
plugins/tech-insights-backend/src/service/fact/createFactRetriever.ts,plugins/tech-insights-node/src/facts.ts,45,18
plugins/catalog-react/src/alpha/blueprints/extensionData.tsx,plugins/catalog-react/src/alpha/blueprints/index.ts,45,18
packages/cli/src/commands/plugin/export.ts,packages/cli/src/commands/plugin/serve.ts,45,18
packages/cli/src/commands/build-cache/cache.ts,packages/cli/src/commands/build-cache/index.ts,45,18
plugins/catalog/src/components/DependsOnResourcesCard/DependsOnResourcesCard.tsx,plugins/catalog/src/components/HasSubcomponentsCard/HasSubcomponentsCard.tsx,45,18
plugins/catalog/src/data/component.ts,plugins/catalog/src/data/utils.tsx,45,16
packages/config-loader/src/sources/RemoteConfigSource.ts,packages/config-loader/src/sources/types.ts,45,16
plugins/scaffolder-backend-module-github/src/actions/githubAutolinks.ts,plugins/scaffolder-backend-module-github/src/actions/githubEnvironment.ts,45,16
packages/frontend-app-api/src/extensions/CoreNav.tsx,packages/frontend-plugin-api/src/extensions/createNavItemExtension.tsx,45,16
plugins/graphiql/src/alpha.tsx,plugins/tech-radar/src/alpha.tsx,45,16
plugins/bazaar/src/components/ProjectPreview/ProjectPreview.tsx,plugins/bazaar/src/components/SortView/SortView.tsx,45,16
packages/cli/src/modules/build/index.ts,packages/cli/src/modules/info/index.ts,45,16
packages/core-plugin-api/src/plugin/index.ts,packages/core-plugin-api/src/plugin/types.ts,45,16
plugins/techdocs-backend/src/default-branch.ts,plugins/techdocs-backend/src/helpers.ts,45,11
plugins/cloudbuild/src/components/WorkflowRunDetails/useWorkflowRunJobs.ts,plugins/lighthouse/src/api.ts,45,11
packages/ui/src/components/Header/Header.tsx,packages/ui/src/components/Header/definition.ts,45,11
packages/catalog-client/src/index.ts,packages/catalog-client/src/types.ts,45,11
plugins/api-docs/src/plugin.ts,plugins/api-docs/src/routes.ts,45,11
packages/core-app-api/src/apis/implementations/auth/github/GithubAuth.ts,packages/core-app-api/src/apis/implementations/auth/onelogin/OneLoginAuth.ts,45,11
plugins/cost-insights/src/components/CostOverviewCard/CostOverviewBreakdownChart.tsx,plugins/cost-insights/src/components/CostOverviewCard/CostOverviewChart.tsx,45,11
packages/backend-defaults/src/entrypoints/scheduler/lib/PluginTaskSchedulerImpl.ts,packages/backend-defaults/src/entrypoints/scheduler/lib/TaskWorker.ts,45,11
packages/ui/src/components/Header/HeaderToolbar.tsx,packages/ui/src/components/HeaderPage/types.ts,45,11
plugins/cicd-statistics/src/apis/types.ts,plugins/cicd-statistics/src/components/chart-filters.tsx,45,11
plugins/auth-backend/src/providers/gcp-iap/provider.ts,plugins/auth-backend/src/providers/gcp-iap/types.ts,45,11
packages/techdocs-cli/src/commands/serve/mkdocs.ts,packages/techdocs-cli/src/lib/mkdocsServer.ts,45,11
plugins/catalog-react/src/apis/EntityPresentationApi/EntityPresentationApi.ts,plugins/catalog-react/src/apis/EntityPresentationApi/defaultEntityPresentation.ts,45,11
plugins/todo/src/api/TodoClient.ts,plugins/todo/src/components/TodoList/TodoList.tsx,45,11
packages/ui/src/components/Toast/ToastQueue.ts,packages/ui/src/components/Toast/types.ts,45,11
packages/app-next/src/EntityPages.tsx,plugins/catalog/src/alpha/entityContents.tsx,45,11
plugins/badges-backend/src/lib/BadgeBuilder/types.ts,plugins/badges/src/components/EntityBadgesDialog.tsx,45,11
packages/cli/src/lib/bundle/config.ts,packages/cli/src/lib/bundle/server.ts,45,11
plugins/git-release-manager/src/features/PromoteRc/PromoteRcBody.tsx,plugins/git-release-manager/src/features/PromoteRc/hooks/usePromoteRc.ts,45,11
plugins/scaffolder/src/components/fields/EntityNamePicker/schema.ts,plugins/scaffolder/src/components/fields/EntityPicker/schema.ts,45,11
plugins/circleci/src/components/Layout/Layout.tsx,plugins/circleci/src/pages/BuildsPage/lib/Builds/Builds.tsx,45,11
plugins/user-settings/src/components/General/UserSettingsAppearanceCard.tsx,plugins/user-settings/src/components/General/UserSettingsGeneral.tsx,45,11
packages/backend-defaults/src/entrypoints/scheduler/lib/PluginTaskSchedulerImpl.ts,packages/backend-plugin-api/src/services/definitions/SchedulerService.ts,45,11
plugins/catalog-backend/src/ingestion/processors/BitbucketDiscoveryProcessor.ts,plugins/catalog-backend/src/ingestion/processors/bitbucket/index.ts,45,11
plugins/pagerduty/src/components/PagerDutyServiceCard.tsx,plugins/pagerduty/src/components/types.tsx,45,11
packages/frontend-app-api/src/extensions/CoreRouter.tsx,packages/frontend-plugin-api/src/extensions/createSignInPageExtension.tsx,45,11
plugins/github-release-manager/src/cards/info/Info.tsx,plugins/github-release-manager/src/cards/patchRc/PatchBody.tsx,45,11
packages/core-plugin-api/src/analytics/AnalyticsContext.tsx,packages/core-plugin-api/src/analytics/useAnalytics.tsx,45,11
plugins/catalog/src/apis/EntityPresentationApi/DefaultEntityPresentationApi.ts,plugins/catalog/src/apis/EntityPresentationApi/defaults.tsx,45,11
packages/ui/src/components/Box/definition.ts,packages/ui/src/hooks/useDefinition/types.ts,45,11
packages/integration/src/azure/core.ts,packages/integration/src/azure/index.ts,45,11
plugins/git-release-manager/src/features/PromoteRc/PromoteRc.tsx,plugins/git-release-manager/src/features/PromoteRc/hooks/usePromoteRc.ts,45,11
plugins/scaffolder-backend/src/scaffolder/actions/builtin/publish/azure.ts,plugins/scaffolder-backend/src/scaffolder/actions/builtin/publish/gitlab.ts,44,41
plugins/auth-backend/src/providers/oauth2/provider.ts,plugins/auth-backend/src/providers/onelogin/provider.ts,44,39
plugins/catalog-import/src/alpha.tsx,plugins/search/src/alpha.tsx,44,34
packages/backend-common/src/tokens/ServerTokenManager.ts,packages/backend-common/src/tokens/types.ts,44,25
plugins/scaffolder/src/extensions/index.tsx,plugins/scaffolder/src/extensions/types.ts,44,25
plugins/scaffolder-backend/src/scaffolder/stages/prepare/github.ts,plugins/scaffolder-backend/src/scaffolder/stages/prepare/types.ts,44,23
plugins/api-docs/src/components/ComponentsCards/ConsumingComponentsCard.tsx,plugins/catalog/src/components/HasSubcomponentsCard/HasSubcomponentsCard.tsx,44,23
packages/cli/src/commands/app/build.ts,packages/cli/src/commands/plugin/export.ts,44,18
plugins/scaffolder-backend-module-github/src/actions/github.ts,plugins/scaffolder-backend-module-github/src/actions/githubBranchProtection.ts,44,18
packages/integration-react/src/api/ScmAuth.ts,packages/integration-react/src/api/ScmAuthApi.ts,44,18
plugins/catalog-import/src/alpha.tsx,plugins/notifications/src/alpha.tsx,44,18
plugins/github-release-manager/src/GitHubReleaseManager.tsx,plugins/github-release-manager/src/cards/patchRc/sideEffects/patch.ts,44,14
plugins/scaffolder/src/components/fields/RepoUrlPicker/GitlabRepoPicker.tsx,plugins/scaffolder/src/components/fields/RepoUrlPicker/types.ts,44,14
plugins/cost-insights/src/components/ProductInsightsCard/ProductEntityTable.tsx,plugins/cost-insights/src/utils/formatters.ts,44,14
packages/ui/src/components/Table/index.ts,packages/ui/src/components/Table/types.ts,44,14
plugins/sonarqube/src/api/SonarQubeClient.ts,plugins/sonarqube/src/api/types.ts,44,14
plugins/scaffolder-backend-module-github/src/actions/githubBranchProtection.ts,plugins/scaffolder-backend-module-github/src/actions/githubWebhook.ts,44,14
plugins/splunk-on-call/src/api/types.ts,plugins/splunk-on-call/src/components/TriggerDialog/TriggerDialog.tsx,44,14
plugins/techdocs-backend/src/index.ts,plugins/techdocs-backend/src/service/index.ts,44,14
plugins/sonarqube/src/api/SonarQubeClient.ts,plugins/sonarqube/src/plugin.ts,44,14
packages/core-app-api/src/apis/implementations/auth/oauth2/OAuth2.ts,packages/core-app-api/src/apis/implementations/auth/oauth2/types.ts,44,14
plugins/scaffolder-backend-module-github/src/actions/githubAutolinks.ts,plugins/scaffolder-backend-module-github/src/actions/githubRepoCreate.ts,44,14
plugins/catalog-backend/src/service/AuthorizedLocationService.ts,plugins/catalog-backend/src/service/types.ts,44,14
plugins/scaffolder-backend-module-github/src/actions/githubRepoPush.ts,plugins/scaffolder-backend-module-github/src/actions/githubWebhook.ts,44,14
packages/backend/src/plugins/techdocs.ts,plugins/techdocs-backend/src/techdocs/stages/prepare/index.ts,44,14
plugins/auth-backend/src/providers/github/provider.ts,plugins/auth-backend/src/providers/okta/provider.ts,43,66
plugins/catalog-backend/src/catalog/DatabaseEntitiesCatalog.ts,plugins/catalog-backend/src/catalog/types.ts,43,63
plugins/auth-backend/src/providers/github/provider.ts,plugins/auth-backend/src/providers/oauth2/provider.ts,43,60
plugins/notifications-backend/src/database/NotificationsStore.ts,plugins/notifications-backend/src/service/router.ts,43,44
plugins/auth-backend/src/lib/oauth/OAuthAdapter.ts,plugins/auth-backend/src/lib/oauth/types.ts,43,40
plugins/search/src/alpha.tsx,plugins/user-settings/src/alpha.tsx,43,37
plugins/auth-backend/src/providers/bitbucket/provider.ts,plugins/auth-backend/src/providers/onelogin/provider.ts,43,28
plugins/catalog-graph/src/components/CatalogGraphPage/CatalogGraphPage.tsx,plugins/catalog-graph/src/components/EntityRelationsGraph/EntityRelationsGraph.tsx,43,23
plugins/auth-node/src/index.ts,plugins/auth-node/src/types.ts,43,23
packages/core-api/src/routing/RouteRef.ts,packages/core-api/src/routing/index.ts,43,23
plugins/tech-insights-backend/src/service/fact/FactRetrieverEngine.ts,plugins/tech-insights-node/src/facts.ts,43,21
plugins/catalog-import/src/components/ImportStepper/defaults.tsx,plugins/catalog-import/src/components/StepPrepareCreatePullRequest/StepPrepareCreatePullRequest.tsx,43,21
plugins/tech-radar/src/components/Radar/Radar.tsx,plugins/tech-radar/src/components/RadarLegend/RadarLegend.tsx,43,19
plugins/kubernetes/src/api/KubernetesBackendClient.ts,plugins/kubernetes/src/kubernetes-auth-provider/types.ts,43,19
plugins/tech-radar/src/components/RadarGrid/RadarGrid.tsx,plugins/tech-radar/src/components/RadarLegend/RadarLegend.tsx,43,19
plugins/bazaar/src/api.ts,plugins/bazaar/src/components/SortView/SortView.tsx,43,19
packages/cli/src/commands/build/buildBackend.ts,packages/cli/src/commands/build/command.ts,43,16
plugins/pagerduty/src/index.ts,plugins/pagerduty/src/plugin.ts,43,16
packages/frontend-plugin-api/src/wiring/createExtensionOverrides.ts,packages/frontend-plugin-api/src/wiring/createPlugin.ts,43,16
packages/backend-defaults/src/entrypoints/cache/CacheManager.ts,packages/backend-defaults/src/entrypoints/cache/types.ts,43,16
packages/catalog-model/src/kinds/GroupEntityV1alpha1.ts,packages/catalog-model/src/kinds/LocationEntityV1alpha1.ts,43,16
plugins/kubernetes/src/api/KubernetesBackendClient.ts,plugins/kubernetes/src/kubernetes-auth-provider/GoogleKubernetesAuthProvider.ts,43,16
packages/core/src/api/app/AppBuilder.tsx,packages/core/src/api/plugin/Plugin.tsx,43,16
plugins/search-react/src/context/SearchContext.tsx,plugins/search-react/src/context/index.tsx,43,16
plugins/github-pull-requests-board/src/components/Card/CardHeader.tsx,plugins/github-pull-requests-board/src/utils/types.tsx,43,12
packages/techdocs-cli/src/commands/generate/generate.ts,plugins/techdocs-node/src/stages/generate/index.ts,43,12
plugins/signals-node/src/types.ts,plugins/signals/src/api/SignalClient.ts,43,12
plugins/catalog-backend/src/permissions/rules/isEntityOwner.ts,plugins/catalog-backend/src/permissions/rules/util.ts,43,12
plugins/scaffolder/src/alpha.ts,plugins/scaffolder/src/next/TemplateListPage/TemplateGroups.tsx,43,12
plugins/lighthouse/src/components/CreateAudit/index.tsx,plugins/lighthouse/src/utils.ts,43,12
packages/catalog-model/src/validation/CommonValidatorFunctions.ts,packages/catalog-model/src/validation/makeValidator.ts,43,12
packages/cli/src/modules/migrate/index.ts,packages/cli/src/wiring/types.ts,43,12
packages/app-next/src/examples/notFoundErrorPageExtension.tsx,packages/frontend-app-api/src/extensions/components.tsx,43,12
plugins/pagerduty/src/components/Escalation/EscalationUser.tsx,plugins/pagerduty/src/components/TriggerDialog/TriggerDialog.tsx,43,12
plugins/signals-backend/src/service/standaloneServer.ts,plugins/signals-node/src/SignalService.ts,43,12
plugins/github-release-manager/src/GitHubReleaseManager.tsx,plugins/github-release-manager/src/cards/projectForm/VersioningStrategy.tsx,43,12
plugins/jenkins/src/components/Cards/Cards.tsx,plugins/jenkins/src/components/useBuilds.ts,43,12
packages/cli/src/modules/build/commands/buildWorkspace.ts,packages/cli/src/modules/test/commands/repo/test.ts,43,12
packages/catalog-model/src/location/helpers.ts,packages/catalog-model/src/location/index.ts,43,12
plugins/git-release-manager/src/features/CreateReleaseCandidate/CreateReleaseCandidate.tsx,plugins/git-release-manager/src/features/PromoteRc/hooks/usePromoteRc.ts,43,12
plugins/home/src/components/CustomHomepage/CustomHomepageButtons.tsx,plugins/home/src/components/CustomHomepage/CustomHomepageGrid.tsx,43,12
plugins/circleci/src/components/PluginHeader/PluginHeader.tsx,plugins/circleci/src/pages/DetailedViewPage/DetailedViewPage.tsx,43,12
plugins/tech-insights-backend-module-jsonfc/src/service/JsonRulesEngineFactChecker.ts,plugins/tech-insights-common/src/checks.ts,43,12
plugins/catalog-backend/src/catalog/StaticEntitiesCatalog.ts,plugins/catalog-backend/src/database/search.ts,43,12
packages/frontend-plugin-api/src/extensions/createApiExtension.ts,packages/frontend-plugin-api/src/extensions/createTranslationExtension.ts,43,12
packages/cli/src/modules/test/commands/package/test.ts,packages/cli/src/modules/test/commands/repo/test.ts,43,12
plugins/api-docs/src/index.ts,plugins/api-docs/src/plugin.ts,43,12
plugins/scaffolder/src/components/fields/EntityPicker/schema.ts,plugins/scaffolder/src/components/fields/RepoUrlPicker/schema.ts,43,12
packages/ui/src/components/Card/definition.ts,packages/ui/src/hooks/useDefinition/types.ts,43,12
packages/frontend-plugin-api/src/extensions/createApiExtension.ts,packages/frontend-plugin-api/src/extensions/createNavLogoExtension.tsx,43,12
plugins/bazaar/src/components/EntityBazaarInfoCard/EntityBazaarInfoCard.tsx,plugins/bazaar/src/components/InputField/InputField.tsx,43,12
plugins/catalog-backend/src/permissions/rules/hasLabel.ts,plugins/catalog-backend/src/permissions/rules/util.ts,43,12
packages/cli/src/alpha.ts,packages/cli/src/modules/config/alpha.ts,43,12
plugins/catalog-backend/src/ingestion/processors/AnnotateLocationEntityProcessor.ts,plugins/catalog-backend/src/ingestion/processors/FileReaderProcessor.ts,43,12
plugins/github-release-manager/dev/index.tsx,plugins/github-release-manager/src/GitHubReleaseManager.tsx,43,12
packages/theme/src/unified/UnifiedTheme.tsx,packages/theme/src/v4/types.ts,43,12
packages/catalog-model/src/kinds/LocationEntityV1alpha1.ts,packages/catalog-model/src/kinds/TemplateEntityV1alpha1.ts,43,12
packages/backend-common/src/reading/GithubUrlReader.ts,packages/backend-common/src/reading/GitlabUrlReader.ts,42,55
plugins/catalog-react/src/components/EntityTagPicker/EntityTagPicker.tsx,plugins/catalog-react/src/components/UserListPicker/UserListPicker.tsx,42,35
plugins/catalog-backend-module-msgraph/src/microsoftGraph/config.ts,plugins/catalog-backend-module-msgraph/src/microsoftGraph/read.ts,42,29
packages/backend-app-api/src/wiring/BackstageBackend.ts,packages/backend-app-api/src/wiring/types.ts,42,26
plugins/catalog-graph/src/alpha.tsx,plugins/catalog-import/src/alpha.tsx,42,24
plugins/api-docs/src/components/ComponentsCards/ProvidingComponentsCard.tsx,plugins/catalog/src/components/HasSystemsCard/HasSystemsCard.tsx,42,21
packages/techdocs-common/src/stages/generate/techdocs.ts,packages/techdocs-common/src/stages/generate/types.ts,42,21
plugins/events-backend/src/service/hub/DatabaseEventBusStore.ts,plugins/events-backend/src/service/hub/MemoryEventBusStore.ts,42,21
plugins/tech-radar/src/components/RadarComponent.tsx,plugins/tech-radar/src/utils/types.ts,42,21
packages/backend-common/src/database/connection.ts,packages/backend-common/src/database/postgres.ts,42,19
packages/backend-common/src/database/index.ts,packages/backend-common/src/database/types.ts,42,19
plugins/todo-backend/src/service/TodoReaderService.ts,plugins/todo-backend/src/service/router.ts,42,19
plugins/catalog/src/components/DependsOnResourcesCard/DependsOnResourcesCard.tsx,plugins/catalog/src/components/RelatedEntitiesCard/RelatedEntitiesCard.tsx,42,17
packages/catalog-model/src/kinds/ComponentEntityV1alpha1.ts,packages/catalog-model/src/kinds/UserEntityV1alpha1.ts,42,17
plugins/kubernetes/src/api/types.ts,plugins/kubernetes/src/kubernetes-auth-provider/KubernetesAuthProviders.ts,42,17
packages/cli/src/commands/create-github-app/GithubCreateAppServer.ts,packages/cli/src/commands/create-github-app/index.ts,42,17
plugins/scaffolder-backend-module-cookiecutter/src/actions/fetch/cookiecutter.ts,plugins/scaffolder-backend-module-rails/src/actions/fetch/rails/railsNewRunner.ts,42,17
packages/backend-common/src/middleware/errorHandler.ts,packages/backend-common/src/middleware/requestLoggingHandler.ts,42,17
plugins/github-actions/src/components/Router.tsx,plugins/github-actions/src/index.ts,42,17
plugins/scaffolder/src/components/fields/EntityTagsPicker/EntityTagsPicker.tsx,plugins/scaffolder/src/components/fields/OwnerPicker/OwnerPicker.tsx,42,17
plugins/scaffolder/src/components/fields/RepoUrlPicker/AzureRepoPicker.tsx,plugins/scaffolder/src/components/fields/RepoUrlPicker/GitlabRepoPicker.tsx,42,17
plugins/scaffolder-backend-module-github/src/actions/github.ts,plugins/scaffolder-backend-module-github/src/actions/githubDeployKey.ts,42,17
plugins/scaffolder-backend/src/scaffolder/actions/builtin/catalog/write.ts,plugins/scaffolder-backend/src/scaffolder/actions/builtin/debug/log.ts,42,17
plugins/catalog-backend-module-github/src/index.ts,plugins/catalog-backend-module-github/src/lib/index.ts,42,14
plugins/api-docs/src/components/ComponentsCards/ProvidingComponentsCard.tsx,plugins/catalog/src/components/ComponentsCard/HasComponentsCard.tsx,42,14
packages/canon/src/components/Heading/Heading.tsx,packages/canon/src/components/Heading/types.ts,42,14
plugins/api-docs/src/components/ComponentsCards/ConsumingComponentsCard.tsx,plugins/catalog/src/components/ComponentsCard/HasComponentsCard.tsx,42,14
plugins/catalog-backend/src/service/NextCatalogBuilder.ts,plugins/catalog-backend/src/service/NextRouter.ts,42,14
plugins/api-docs/src/components/ApiExplorerPage/ApiExplorerPage.tsx,plugins/catalog/src/components/CreateComponentButton/CreateComponentButton.tsx,42,14
plugins/scaffolder-backend/src/scaffolder/stages/legacy.ts,plugins/scaffolder-backend/src/scaffolder/tasks/TemplateConverter.ts,42,14
plugins/bazaar/src/components/EditProjectDialog/EditProjectDialog.tsx,plugins/bazaar/src/components/ProjectCard/ProjectCard.tsx,42,14
plugins/github-release-manager/src/api/PluginApiClient.ts,plugins/github-release-manager/src/types/types.ts,42,14
packages/cli-common/src/index.ts,packages/cli-common/src/paths.ts,42,14
plugins/kubernetes-backend/src/kubernetes-auth-translator/AzureIdentityKubernetesAuthTranslator.ts,plugins/kubernetes-backend/src/kubernetes-auth-translator/KubernetesAuthTranslatorGenerator.ts,42,14
plugins/splunk-on-call/src/api/client.ts,plugins/splunk-on-call/src/components/SplunkOnCallCard.tsx,42,14
plugins/auth-backend/src/providers/github/provider.ts,plugins/auth-backend/src/providers/google/provider.ts,41,82
plugins/catalog-backend-module-gitlab/src/lib/types.ts,plugins/catalog-backend-module-gitlab/src/providers/GitlabDiscoveryEntityProvider.ts,41,36
plugins/catalog-backend/src/ingestion/LocationAnalyzer.ts,plugins/catalog-backend/src/ingestion/types.ts,41,32
plugins/catalog/src/alpha/components/EntityLayout/EntityLayout.tsx,plugins/catalog/src/alpha/pages.tsx,41,29
plugins/github-actions/src/components/WorkflowRunDetails/WorkflowRunDetails.tsx,plugins/github-actions/src/components/WorkflowRunsTable/WorkflowRunsTable.tsx,41,29
plugins/catalog-backend-module-github/src/providers/GithubMultiOrgEntityProvider.ts,plugins/catalog-backend-module-github/src/providers/GithubOrgEntityProvider.ts,41,29
plugins/permission-common/src/PermissionClient.ts,plugins/permission-common/src/types/index.ts,41,27
plugins/catalog-react/src/components/EntityTable/columns.tsx,plugins/catalog/src/components/CatalogTable/columns.tsx,41,27
packages/backend-plugin-api/src/wiring/factories.ts,packages/backend-plugin-api/src/wiring/types.ts,41,27
plugins/scaffolder-backend/src/scaffolder/actions/builtin/github/githubRepoCreate.ts,plugins/scaffolder-backend/src/scaffolder/actions/builtin/github/helpers.ts,41,24
packages/backend-plugin-api/src/wiring/factories.ts,packages/backend-plugin-api/src/wiring/index.ts,41,24
packages/core-api/src/routing/hooks.tsx,packages/core-api/src/routing/types.ts,41,22
packages/core-api/src/apis/definitions/auth.ts,packages/core-api/src/apis/implementations/auth/index.ts,41,22
plugins/catalog-backend-module-ldap/src/ldap/config.ts,plugins/catalog-backend-module-ldap/src/ldap/vendors.ts,41,20
packages/config-loader/src/sources/ConfigSources.ts,packages/config-loader/src/sources/FileConfigSource.ts,41,20
plugins/scaffolder-backend-module-github/src/actions/githubBranchProtection.ts,plugins/scaffolder-backend-module-github/src/actions/githubEnvironment.ts,41,17
plugins/tech-insights-backend/src/index.ts,plugins/tech-insights-backend/src/service/techInsightsContextBuilder.ts,41,17
plugins/tech-insights-backend/src/service/fact/FactRetrieverRegistry.ts,plugins/tech-insights-backend/src/service/techInsightsContextBuilder.ts,41,17
plugins/circleci/src/pages/BuildsPage/BuildsPage.tsx,plugins/circleci/src/pages/SettingsPage/SettingsPage.tsx,41,17
plugins/catalog/src/components/HasResourcesCard/HasResourcesCard.tsx,plugins/catalog/src/components/RelatedEntitiesCard/RelatedEntitiesCard.tsx,41,17
packages/core/src/api/apis/definitions/featureFlags.ts,packages/core/src/api/app/AppBuilder.tsx,41,17
plugins/notifications/src/api/NotificationsClient.ts,plugins/notifications/src/components/NotificationsFilters/NotificationsFilters.tsx,41,17
plugins/scaffolder-backend-module-github/src/actions/githubActionsDispatch.ts,plugins/scaffolder-backend-module-github/src/actions/githubEnvironment.ts,41,17
plugins/github-deployments/src/components/GithubDeploymentsCard.tsx,plugins/github-deployments/src/mocks/mocks.ts,41,17
packages/core-api/src/apis/implementations/auth/index.ts,packages/core/src/layout/Sidebar/UserSettings.tsx,41,17
plugins/home/src/extensions.tsx,plugins/home/src/plugin.ts,41,17
plugins/notifications/src/components/NotificationsSideBarItem/NotificationsSideBarItem.tsx,plugins/notifications/src/hooks/useWebNotifications.ts,41,15
packages/catalog-model/src/kinds/ApiEntityV1alpha1.ts,packages/catalog-model/src/kinds/GroupEntityV1alpha1.ts,41,15
plugins/catalog-backend-module-ldap/src/processors/LdapOrgEntityProvider.ts,plugins/catalog-backend-module-ldap/src/processors/LdapOrgReaderProcessor.ts,41,15
plugins/catalog/src/components/ComponentsCard/HasComponentsCard.tsx,plugins/catalog/src/components/HasSubcomponentsCard/HasSubcomponentsCard.tsx,41,15
packages/ui/src/components/Header/Header.tsx,packages/ui/src/components/HeaderPage/HeaderPage.tsx,41,15
packages/ui/src/components/Menu/Menu.tsx,packages/ui/src/components/Menu/types.ts,41,15
packages/frontend-app-api/src/extensions/CoreNav.tsx,packages/frontend-app-api/src/extensions/CoreRouter.tsx,41,15
plugins/catalog-backend/src/search/DefaultCatalogCollatorFactory.ts,plugins/catalog-backend/src/search/index.ts,41,15
packages/cli/src/modules/build/index.ts,packages/cli/src/modules/translations/index.ts,41,15
packages/config-loader/src/lib/schema/compile.ts,packages/config-loader/src/lib/schema/index.ts,41,15
plugins/bazaar/src/components/InputField/InputField.tsx,plugins/bazaar/src/components/SortView/SortView.tsx,41,15
packages/integration/src/ScmIntegrations.ts,packages/integration/src/azure/AzureIntegration.ts,41,15
plugins/github-actions/src/api/GithubActionsClient.ts,plugins/github-actions/src/components/BuildDetailsPage/BuildDetailsPage.tsx,41,15
plugins/catalog/src/components/CatalogFilter/AllServicesCount.tsx,plugins/catalog/src/components/CatalogFilter/CatalogFilter.tsx,41,15
plugins/auth-backend/src/service/standaloneServer.ts,plugins/proxy-backend/src/service/standaloneServer.ts,41,15
packages/cli/src/modules/translations/index.ts,packages/cli/src/wiring/types.ts,41,12
packages/ui/src/components/Header/types.ts,packages/ui/src/components/HeaderPage/HeaderPage.tsx,41,12
plugins/pagerduty/src/components/TriggerButton/index.tsx,plugins/pagerduty/src/components/TriggerDialog/TriggerDialog.tsx,41,12
plugins/git-release-manager/src/features/CreateReleaseCandidate/hooks/useCreateReleaseCandidate.ts,plugins/git-release-manager/src/features/PromoteRc/PromoteRc.tsx,41,12
packages/frontend-plugin-api/src/extensions/createNavItemExtension.tsx,packages/frontend-plugin-api/src/extensions/createSignInPageExtension.tsx,41,12
plugins/cost-insights/src/components/ProductInsightsCard/ProductEntityTable.tsx,plugins/cost-insights/src/components/ProductInsightsCard/ProductInsightsChart.tsx,41,12
packages/create-app/templates/default-app/packages/backend/src/plugins/proxy.ts,packages/create-app/templates/default-app/packages/backend/src/plugins/techdocs.ts,41,12
plugins/git-release-manager/src/features/Patch/Patch.tsx,plugins/git-release-manager/src/features/PromoteRc/hooks/usePromoteRc.ts,41,12
plugins/git-release-manager/src/features/CreateReleaseCandidate/hooks/useCreateReleaseCandidate.ts,plugins/git-release-manager/src/features/PromoteRc/PromoteRcBody.tsx,41,12
plugins/signals-backend/src/plugin.ts,plugins/signals-backend/src/service/standaloneServer.ts,41,12
plugins/github-deployments/src/api/index.ts,plugins/github-deployments/src/plugin.ts,41,12
plugins/scaffolder/src/components/fields/EntityPicker/index.ts,plugins/scaffolder/src/components/fields/OwnerPicker/OwnerPicker.tsx,41,12
packages/config-loader/src/lib/schema/index.ts,packages/config-loader/src/lib/schema/types.ts,41,12
plugins/kubernetes-backend/src/kubernetes-auth-translator/AzureIdentityKubernetesAuthTranslator.ts,plugins/kubernetes-backend/src/kubernetes-auth-translator/GoogleKubernetesAuthTranslator.ts,41,12
plugins/kubernetes-node/src/extensions.ts,plugins/kubernetes-node/src/types/types.ts,41,12
plugins/catalog-backend-module-incremental-ingestion/src/module/incrementalIngestionEntityProviderCatalogModule.ts,plugins/catalog-backend-module-incremental-ingestion/src/service/IncrementalCatalogBuilder.ts,41,12
packages/core/src/api/apis/definitions/featureFlags.ts,packages/core/src/api/plugin/Plugin.tsx,41,12
plugins/user-settings-backend/src/service/router.ts,plugins/user-settings-backend/src/service/standaloneServer.ts,41,12
plugins/vault-backend/src/service/VaultBuilder.ts,plugins/vault-backend/src/service/vaultApi.ts,41,12
packages/ui/src/components/Box/types.ts,packages/ui/src/hooks/useDefinition/types.ts,41,12
plugins/github-release-manager/src/api/PluginApiClient.ts,plugins/github-release-manager/src/cards/promoteRc/sideEffects/promoteRc.ts,41,12
plugins/circleci/src/components/Layout/Layout.tsx,plugins/circleci/src/pages/DetailedViewPage/DetailedViewPage.tsx,41,12
plugins/catalog-backend/src/ingestion/processors/GithubReaderProcessor.ts,plugins/catalog-backend/src/ingestion/processors/YamlProcessor.ts,41,12
plugins/github-actions/src/api/GithubActionsApi.ts,plugins/github-actions/src/components/BuildListPage/BuildListPage.tsx,41,12
packages/cli/src/modules/migrate/commands/versions/bump.ts,packages/cli/src/modules/new/lib/execution/PortableTemplater.ts,41,12
plugins/catalog-graph/src/components/EntityRelationsGraph/types.ts,plugins/catalog-graph/src/components/EntityRelationsGraph/useEntityRelationNodesAndEdges.ts,41,12
plugins/tech-radar/src/components/RadarFooter/RadarFooter.tsx,plugins/tech-radar/src/components/RadarPlot/RadarPlot.tsx,41,12
plugins/bazaar/src/components/AddProjectDialog/AddProjectDialog.tsx,plugins/bazaar/src/components/ProjectPreview/ProjectPreview.tsx,41,12
plugins/user-settings/src/components/AuthProviders/ProviderSettingsItem.tsx,plugins/user-settings/src/components/General/UserSettingsMenu.tsx,41,12
plugins/scaffolder-backend-module-gitlab/src/actions/createGitlabGroupEnsureExistsAction.ts,plugins/scaffolder-backend-module-gitlab/src/actions/createGitlabProjectAccessTokenAction.ts,41,12
packages/core-components/src/components/LogViewer/LogLine.tsx,packages/core-components/src/components/LogViewer/styles.ts,41,12
plugins/github-release-manager/src/api/PluginApiClient.ts,plugins/github-release-manager/src/cards/patchRc/Patch.tsx,41,12
plugins/auth-backend/src/providers/google/provider.ts,plugins/auth-backend/src/providers/microsoft/provider.ts,40,75
plugins/auth-backend/src/providers/google/provider.ts,plugins/auth-backend/src/providers/oauth2/provider.ts,40,71
plugins/auth-backend/src/providers/github/provider.ts,plugins/auth-backend/src/providers/microsoft/provider.ts,40,64
plugins/notifications-backend/src/database/DatabaseNotificationsStore.ts,plugins/notifications-backend/src/service/router.ts,40,52
plugins/catalog-backend/src/catalog/DatabaseEntitiesCatalog.ts,plugins/catalog-backend/src/database/types.ts,40,50
packages/backend-common/src/reading/BitbucketUrlReader.ts,packages/backend-common/src/reading/GithubUrlReader.ts,40,50
packages/backend-common/src/reading/AzureUrlReader.ts,packages/backend-common/src/reading/GithubUrlReader.ts,40,47
plugins/catalog-backend/src/catalog/DatabaseEntitiesCatalog.ts,plugins/catalog-backend/src/service/router.ts,40,45
plugins/catalog-backend/src/catalog/DatabaseEntitiesCatalog.ts,plugins/catalog-backend/src/database/CommonDatabase.ts,40,44
plugins/catalog-backend/src/ingestion/LocationReaders.ts,plugins/catalog-backend/src/ingestion/processors/types.ts,40,43
plugins/auth-backend/src/providers/microsoft/provider.ts,plugins/auth-backend/src/providers/onelogin/provider.ts,40,42
packages/core-components/src/layout/Sidebar/Bar.tsx,packages/core-components/src/layout/Sidebar/Page.tsx,40,40
plugins/catalog-backend/src/next/DefaultCatalogProcessingEngine.ts,plugins/catalog-backend/src/next/database/types.ts,40,35
packages/backend-common/src/reading/tree/ReadTreeResponseFactory.ts,packages/backend-common/src/reading/types.ts,40,30
packages/techdocs-common/src/stages/generate/helpers.ts,packages/techdocs-common/src/stages/generate/techdocs.ts,40,30
packages/backend-common/src/reading/AzureUrlReader.ts,packages/backend-common/src/reading/FetchUrlReader.ts,40,30
packages/core-api/src/app/types.ts,packages/core/src/api-wrappers/createApp.tsx,40,28
plugins/notifications-backend/src/database/DatabaseNotificationsStore.ts,plugins/notifications/src/api/NotificationsClient.ts,40,28
plugins/catalog-import/src/alpha.tsx,plugins/home/src/alpha.tsx,40,28
plugins/notifications-backend/src/database/DatabaseNotificationsStore.ts,plugins/notifications/src/api/NotificationsApi.ts,40,25
packages/core-components/src/layout/SignInPage/SignInPage.tsx,packages/core-components/src/layout/SignInPage/providers.tsx,40,25
plugins/api-docs/src/components/ApisCards/ProvidedApisCard.tsx,plugins/catalog/src/components/HasSubcomponentsCard/HasSubcomponentsCard.tsx,40,25
packages/cli/src/lib/new/preparation/collectPortableTemplateInput.ts,packages/cli/src/lib/new/types.ts,40,23
plugins/scaffolder/src/components/fields/index.ts,plugins/scaffolder/src/extensions/default.ts,40,23
plugins/catalog-backend-module-github/src/lib/defaultTransformers.ts,plugins/catalog-backend-module-github/src/providers/GithubOrgEntityProvider.ts,40,23
plugins/azure-devops/src/components/BuildTable/BuildTable.tsx,plugins/azure-devops/src/hooks/useRepoBuilds.ts,40,22
plugins/catalog-react/src/components/EntitySearchBar/EntitySearchBar.tsx,plugins/catalog-react/src/components/EntityTagPicker/EntityTagPicker.tsx,40,20
plugins/catalog-graphql/src/graphql/module.ts,plugins/catalog-graphql/src/graphql/types.ts,40,20
plugins/auth-backend/src/lib/oauth/index.ts,plugins/auth-backend/src/lib/oauth/types.ts,40,20
plugins/kubernetes/src/api/KubernetesBackendClient.ts,plugins/kubernetes/src/kubernetes-auth-provider/KubernetesAuthProviders.ts,40,20
plugins/api-docs/src/components/ApisCards/HasApisCard.tsx,plugins/catalog/src/components/HasSystemsCard/HasSystemsCard.tsx,40,20
plugins/scaffolder-backend/src/scaffolder/stages/prepare/bitbucket.ts,plugins/scaffolder-backend/src/scaffolder/stages/prepare/gitlab.ts,40,20
plugins/catalog-backend-module-incremental-ingestion/src/module/WrapperProviders.ts,plugins/catalog-backend-module-incremental-ingestion/src/types.ts,40,20
packages/core-plugin-api/src/plugin-options/usePluginOptions.tsx,packages/core-plugin-api/src/plugin/types.ts,40,18
plugins/circleci/src/index.ts,plugins/circleci/src/plugin.ts,40,18
plugins/home/src/homePageComponents/index.ts,plugins/home/src/plugin.ts,40,18
plugins/catalog-backend/src/catalog/StaticEntitiesCatalog.ts,plugins/catalog-backend/src/database/DatabaseManager.ts,40,18
plugins/scaffolder-backend/src/scaffolder/actions/builtin/fetch/cookiecutter.ts,plugins/scaffolder-backend/src/scaffolder/actions/builtin/fetch/plain.ts,40,18
plugins/techdocs/dev/api.ts,plugins/techdocs/src/api.ts,40,18
packages/app-next/src/examples/notFoundErrorPageExtension.tsx,packages/frontend-plugin-api/src/components/index.ts,40,18
plugins/scaffolder-backend-module-github/src/actions/github.ts,plugins/scaffolder-backend-module-github/src/actions/githubPagesEnable.ts,40,18
plugins/catalog/src/components/DependsOnComponentsCard/DependsOnComponentsCard.tsx,plugins/catalog/src/components/HasSubcomponentsCard/HasSubcomponentsCard.tsx,40,18
packages/catalog-client/src/testUtils/InMemoryCatalogClient.ts,plugins/catalog-node/src/testUtils/types.ts,40,18
plugins/sonarqube/src/api/types.ts,plugins/sonarqube/src/components/SonarQubeCard/SonarQubeCard.tsx,40,18
plugins/catalog-import/src/alpha.tsx,plugins/catalog-unprocessed-entities/src/alpha/plugin.tsx,40,18
plugins/github-actions/src/components/Cards/Cards.tsx,plugins/github-actions/src/components/Router.tsx,40,18
plugins/scaffolder-backend-module-github/src/actions/githubActionsDispatch.ts,plugins/scaffolder-backend-module-github/src/actions/githubRepoCreate.ts,40,15
plugins/bazaar/src/components/ProjectDialog/ProjectDialog.tsx,plugins/bazaar/src/components/SortView/SortView.tsx,40,15
plugins/kubernetes/src/api/types.ts,plugins/kubernetes/src/kubernetes-auth-provider/types.ts,40,15
packages/backend-test-utils/src/filesystem/MockDirectory.ts,packages/backend-test-utils/src/filesystem/index.ts,40,15
packages/cli/src/commands/build-cache/index.ts,packages/cli/src/commands/build-cache/options.ts,40,15
plugins/pagerduty/src/components/Incident/IncidentListItem.tsx,plugins/pagerduty/src/components/TriggerDialog/TriggerDialog.tsx,40,15
plugins/catalog-graph/src/components/EntityRelationsGraph/EntityRelationsGraph.tsx,plugins/catalog-graph/src/components/EntityRelationsGraph/index.ts,40,15
plugins/bazaar/src/api.ts,plugins/bazaar/src/components/ProjectCard/ProjectCard.tsx,40,15
packages/backend-plugin-api/src/services/definitions/AuthService.ts,packages/backend-plugin-api/src/services/definitions/HttpAuthService.ts,40,15
packages/integration/src/ScmIntegrations.ts,packages/integration/src/gitlab/GitLabIntegration.ts,40,15
plugins/scaffolder/src/alpha/extensions.tsx,plugins/scaffolder/src/alpha/plugin.tsx,40,15
plugins/splunk-on-call/src/components/Incident/IncidentListItem.tsx,plugins/splunk-on-call/src/components/TriggerDialog/TriggerDialog.tsx,40,15
plugins/catalog-backend/src/ingestion/processors/GithubOrgReaderProcessor.ts,plugins/catalog-backend/src/ingestion/providers/GitHubOrgEntityProvider.ts,40,15
plugins/user-settings/src/components/SettingsPage.tsx,plugins/user-settings/src/components/index.ts,40,15
plugins/home/src/homePageComponents/index.ts,plugins/home/src/index.ts,40,15
plugins/notifications/src/alpha.tsx,plugins/org/src/alpha.tsx,40,15
plugins/catalog-graph/src/components/CatalogGraphPage/CatalogGraphPage.tsx,plugins/catalog-graph/src/components/CatalogGraphPage/SelectedRelationsFilter.tsx,40,15
plugins/catalog-react/src/types.ts,plugins/catalog-react/src/utils/filters.ts,40,13
plugins/catalog-react/src/index.ts,plugins/catalog-react/src/utils/index.ts,40,13
packages/ui/src/components/Box/definition.ts,packages/ui/src/hooks/useDefinition/useDefinition.tsx,40,13
packages/cli/src/modules/config/index.ts,packages/cli/src/wiring/types.ts,40,13
plugins/catalog-backend/src/permissions/rules/hasAnnotation.ts,plugins/catalog-backend/src/permissions/rules/util.ts,40,13
packages/cli/src/modules/build/commands/buildWorkspace.ts,packages/cli/src/modules/lint/commands/repo/lint.ts,40,13
plugins/git-release-manager/src/features/CreateReleaseCandidate/CreateReleaseCandidate.tsx,plugins/git-release-manager/src/features/CreateReleaseCandidate/hooks/useCreateReleaseCandidate.ts,40,13
plugins/circleci/src/pages/BuildsPage/lib/CITable/CITable.tsx,plugins/circleci/src/pages/DetailedViewPage/DetailedViewPage.tsx,40,13
packages/backend-app-api/src/alpha.ts,packages/backend-app-api/src/alpha/featureDiscoveryServiceFactory.ts,40,13
plugins/bazaar/src/components/EntityBazaarInfoCard/EntityBazaarInfoCard.tsx,plugins/bazaar/src/components/ProjectPreview/ProjectPreview.tsx,40,13
packages/core-api/src/apis/implementations/auth/gitlab/GitlabAuth.ts,packages/core-api/src/apis/implementations/auth/google/GoogleAuth.ts,40,13
packages/cli/src/lib/builder/packager.ts,packages/cli/src/lib/builder/types.ts,40,13
plugins/github-release-manager/src/cards/projectForm/Repo.tsx,plugins/github-release-manager/src/test-helpers/test-helpers.ts,40,13
plugins/catalog-import/src/components/StepPrepareCreatePullRequest/PreparePullRequestForm.tsx,plugins/kubernetes/src/kubernetes-auth-provider/types.ts,40,13
plugins/splunk-on-call/src/components/Incident/Incidents.tsx,plugins/splunk-on-call/src/components/TriggerDialog/TriggerDialog.tsx,40,13
plugins/techdocs-backend/src/plugin.ts,plugins/techdocs-node/src/index.ts,40,13
packages/catalog-model/src/kinds/ComponentEntityV1alpha1.ts,packages/catalog-model/src/kinds/ResourceEntityV1alpha1.ts,40,13
packages/integration/src/github/index.ts,packages/integration/src/github/types.ts,40,13
packages/core-api/src/apis/implementations/auth/auth0/Auth0Auth.ts,packages/core-api/src/apis/implementations/auth/google/GoogleAuth.ts,40,13
plugins/catalog/src/components/Router.tsx,plugins/catalog/src/hooks/useEntity.ts,40,13
plugins/xcmetrics/src/api/types.ts,plugins/xcmetrics/src/components/OverviewComponent/OverviewComponent.tsx,40,13
plugins/catalog-unprocessed-entities/src/components/FailedEntities.tsx,plugins/catalog-unprocessed-entities/src/components/PendingEntities.tsx,40,13
plugins/catalog-backend/src/database/operations/stitcher/markForStitching.ts,plugins/catalog-backend/src/database/tables.ts,40,13
plugins/catalog-react/src/components/EntityTable/EntityTable.tsx,plugins/catalog/src/components/DependsOnComponentsCard/DependsOnComponentsCard.tsx,40,13
plugins/kubernetes/src/alpha/plugin.tsx,plugins/org/src/alpha.tsx,40,13
plugins/playlist/src/components/CreatePlaylistButton/CreatePlaylistButton.tsx,plugins/playlist/src/components/PlaylistEditDialog/PlaylistEditDialog.tsx,40,13
plugins/github-release-manager/src/GitHubReleaseManager.tsx,plugins/github-release-manager/src/types/types.ts,40,13
plugins/auth-backend/src/providers/google/provider.ts,plugins/auth-backend/src/providers/types.ts,39,96
plugins/kubernetes-backend/src/service/KubernetesFanOutHandler.ts,plugins/kubernetes-backend/src/types/types.ts,39,68
plugins/auth-backend/src/providers/oauth2/provider.ts,plugins/auth-backend/src/providers/saml/provider.ts,39,54
plugins/auth-backend/src/providers/oidc/provider.ts,plugins/auth-backend/src/providers/onelogin/provider.ts,39,43
plugins/kubernetes/src/api/KubernetesBackendClient.ts,plugins/kubernetes/src/components/KubernetesContent/KubernetesContent.tsx,39,26
plugins/git-release-manager/src/api/GitReleaseApiClient.ts,plugins/git-release-manager/src/features/PromoteRc/hooks/usePromoteRc.ts,39,26
packages/core-plugin-api/src/extensions/extensions.tsx,packages/core-plugin-api/src/plugin/Plugin.tsx,39,23
packages/cli/src/lib/new/preparation/loadPortableTemplate.ts,packages/cli/src/lib/new/types.ts,39,23
plugins/notifications-backend/src/database/NotificationsStore.ts,plugins/notifications/src/components/NotificationsPage/NotificationsPage.tsx,39,23
packages/frontend-plugin-api/src/wiring/createPlugin.ts,packages/frontend-plugin-api/src/wiring/types.ts,39,23
plugins/catalog-backend-module-ldap/src/ldap/read.ts,plugins/catalog-backend-module-ldap/src/ldap/vendors.ts,39,21
plugins/scaffolder/src/next/TemplateListPage/TemplateGroups.tsx,plugins/scaffolder/src/next/TemplateListPage/TemplateListPage.tsx,39,21
plugins/scaffolder/src/components/fields/OwnedEntityPicker/OwnedEntityPicker.tsx,plugins/scaffolder/src/components/fields/OwnerPicker/OwnerPicker.tsx,39,21
plugins/catalog-backend/src/index.ts,plugins/catalog-backend/src/service/index.ts,39,21
packages/config-loader/src/lib/schema/collect.ts,packages/config-loader/src/lib/schema/load.ts,39,21
plugins/events-backend/src/service/hub/DatabaseEventBusStore.ts,plugins/events-backend/src/service/hub/types.ts,39,21
packages/frontend-plugin-api/src/wiring/createExtension.ts,packages/frontend-plugin-api/src/wiring/resolveExtensionDefinition.ts,38,67
plugins/auth-backend/src/providers/gitlab/provider.ts,plugins/auth-backend/src/providers/saml/provider.ts,38,55
plugins/auth-backend/src/providers/okta/provider.ts,plugins/auth-backend/src/providers/onelogin/provider.ts,38,45
plugins/auth-backend/src/providers/bitbucket/provider.ts,plugins/auth-backend/src/providers/microsoft/provider.ts,38,42
packages/create-app/src/createApp.ts,packages/create-app/src/lib/tasks.ts,38,39
plugins/catalog-backend/src/ingestion/index.ts,plugins/catalog-backend/src/ingestion/types.ts,38,34
plugins/catalog-backend/src/catalog/DatabaseEntitiesCatalog.ts,plugins/catalog-backend/src/catalog/StaticEntitiesCatalog.ts,38,29
plugins/git-release-manager/src/features/PromoteRc/hooks/usePromoteRc.ts,plugins/git-release-manager/src/test-helpers/test-helpers.ts,38,26
packages/core-components/src/layout/Sidebar/MobileSidebar.tsx,packages/core-components/src/layout/Sidebar/config.ts,38,26
packages/backend-tasks/src/tasks/LocalTaskWorker.ts,packages/backend-tasks/src/tasks/TaskWorker.ts,38,24
plugins/api-docs/src/components/ApisCards/ConsumedApisCard.tsx,plugins/catalog/src/components/HasSubcomponentsCard/HasSubcomponentsCard.tsx,38,24
plugins/catalog-react/src/components/EntityAutocompletePicker/EntityAutocompletePicker.tsx,plugins/catalog-react/src/components/EntityProcessingStatusPicker/EntityProcessingStatusPicker.tsx,38,24
packages/core-app-api/src/apis/implementations/auth/index.ts,packages/core-plugin-api/src/apis/definitions/auth.ts,38,21
plugins/catalog-react/src/components/EntityLifecyclePicker/EntityLifecyclePicker.tsx,plugins/catalog-react/src/components/EntitySearchBar/EntitySearchBar.tsx,38,21
plugins/api-docs/src/components/ComponentsCards/ConsumingComponentsCard.tsx,plugins/catalog/src/components/HasSystemsCard/HasSystemsCard.tsx,38,21
plugins/tech-radar/src/api.ts,plugins/tech-radar/src/sampleData.ts,38,21
plugins/catalog-graphql/src/graphql/module.ts,plugins/catalog-graphql/src/service/client.ts,38,21
plugins/scaffolder-backend/src/scaffolder/actions/builtin/catalog/register.ts,plugins/scaffolder-backend/src/scaffolder/actions/builtin/fetch/plain.ts,38,21
packages/cli/src/modules/lint/commands/repo/lint.ts,packages/cli/src/modules/migrate/commands/versions/bump.ts,38,18
plugins/catalog-graph/src/components/EntityRelationsGraph/EntityRelationsGraph.tsx,plugins/catalog-graph/src/components/EntityRelationsGraph/useEntityRelationNodesAndEdges.ts,38,18
packages/catalog-model/src/kinds/UserEntityV1alpha1.ts,packages/catalog-model/src/kinds/index.ts,38,18
plugins/kubernetes-backend/src/cluster-locator/GkeClusterLocator.ts,plugins/kubernetes-backend/src/cluster-locator/index.ts,38,18
plugins/catalog-react/src/components/EntityTable/EntityTable.tsx,plugins/catalog/src/components/HasSubcomponentsCard/HasSubcomponentsCard.tsx,38,18
plugins/scaffolder/src/components/fields/EntityNamePicker/EntityNamePicker.tsx,plugins/scaffolder/src/components/fields/OwnedEntityPicker/OwnedEntityPicker.tsx,38,18
plugins/azure-devops/src/components/BuildTable/BuildTable.tsx,plugins/azure-devops/src/hooks/useProjectRepoFromEntity.ts,38,18
plugins/catalog-react/src/alpha/blueprints/index.ts,plugins/catalog/src/alpha/components/EntityLayout/EntityLayout.tsx,38,18
plugins/catalog-backend/src/ingestion/processors/FileReaderProcessor.ts,plugins/catalog-backend/src/ingestion/processors/types.ts,38,18
packages/frontend-app-api/src/extensions/Core.tsx,packages/frontend-app-api/src/extensions/CoreNav.tsx,38,18
plugins/devtools/src/alpha/plugin.tsx,plugins/notifications/src/alpha.tsx,38,18
plugins/sonarqube/dev/index.tsx,plugins/sonarqube/src/components/SonarQubeCard/SonarQubeCard.tsx,38,18
plugins/catalog-backend/src/database/Database.ts,plugins/catalog-backend/src/ingestion/descriptors/ComponentDescriptorV1beta1Parser.ts,38,16
plugins/bazaar/src/components/EditProjectDialog/EditProjectDialog.tsx,plugins/bazaar/src/components/HomePageBazaarInfoCard/HomePageBazaarInfoCard.tsx,38,16
packages/catalog-model/src/entity/policies/FieldFormatEntityPolicy.ts,packages/catalog-model/src/entity/policies/SchemaValidEntityPolicy.ts,38,16
packages/canon/src/components/Heading/Heading.tsx,packages/canon/src/components/Text/types.ts,38,16
packages/config-loader/src/sources/EnvConfigSource.ts,packages/config-loader/src/sources/FileConfigSource.ts,38,16
plugins/catalog-backend/src/ingestion/processors/results.ts,plugins/catalog-backend/src/ingestion/processors/types.ts,38,16
plugins/tech-radar/src/components/RadarPlot/RadarPlot.tsx,plugins/tech-radar/src/utils/types.ts,38,16
plugins/catalog/src/components/DependencyOfComponentsCard/DependencyOfComponentsCard.tsx,plugins/catalog/src/components/HasSubcomponentsCard/HasSubcomponentsCard.tsx,38,16
plugins/auth-backend/src/identity/index.ts,plugins/auth-backend/src/index.ts,38,16
packages/app-next/src/examples/graphiqlPlugin.tsx,packages/frontend-plugin-api/src/index.ts,38,16
packages/canon/src/components/Heading/Heading.tsx,packages/canon/src/contexts/canon.tsx,38,16
packages/frontend-app-api/src/extensions/Core.tsx,packages/frontend-app-api/src/extensions/CoreRouter.tsx,38,16
plugins/search/src/components/SearchPageNext/SearchPageNext.tsx,plugins/search/src/components/index.tsx,38,16
plugins/devtools/src/alpha/plugin.tsx,plugins/devtools/src/components/DevToolsPage/DevToolsPage.tsx,38,16
packages/integration/src/bitbucket/BitbucketIntegration.ts,packages/integration/src/index.ts,38,16
plugins/airbrake/dev/index.tsx,plugins/airbrake/src/index.ts,38,16
plugins/git-release-manager/src/features/CreateReleaseCandidate/CreateReleaseCandidate.tsx,plugins/git-release-manager/src/features/Patch/hooks/usePatch.ts,38,16
plugins/github-deployments/src/api/index.ts,plugins/github-deployments/src/mocks/mocks.ts,38,16
plugins/catalog-backend-module-incremental-ingestion/src/module/WrapperProviders.ts,plugins/catalog-backend-module-incremental-ingestion/src/router/routes.ts,38,16
plugins/catalog-react/src/alpha/blueprints/extensionData.tsx,plugins/catalog/src/alpha/components/EntityLayout/EntityLayout.tsx,38,16
plugins/kubernetes/src/api/types.ts,plugins/kubernetes/src/plugin.ts,38,16
plugins/permission-node/src/types.ts,plugins/playlist-backend/src/permissions/rules.ts,38,16
plugins/catalog/src/components/ComponentRemovalDialog/ComponentRemovalDialog.tsx,plugins/catalog/src/data/component.ts,38,16
plugins/azure-devops/src/components/EntityPageAzureDevOps/EntityPageAzureDevOps.tsx,plugins/azure-devops/src/plugin.ts,38,16
plugins/api-docs/src/components/ApisCards/HasApisCard.tsx,plugins/catalog/src/components/ComponentsCard/HasComponentsCard.tsx,38,13
plugins/notifications-backend-module-slack/src/lib/SlackNotificationProcessor.ts,plugins/notifications-backend-module-slack/src/lib/util.ts,38,13
plugins/bazaar/src/components/HomePageBazaarInfoCard/HomePageBazaarInfoCard.tsx,plugins/bazaar/src/components/ProjectDialog/ProjectDialog.tsx,38,13
plugins/catalog-unprocessed-entities/src/alpha/plugin.tsx,plugins/scaffolder/src/alpha/extensions.tsx,38,13
plugins/circleci/src/pages/BuildsPage/lib/Builds/Builds.tsx,plugins/circleci/src/pages/DetailedViewPage/DetailedViewPage.tsx,38,13
plugins/catalog-import/src/components/StepPrepareCreatePullRequest/PreparePullRequestForm.tsx,plugins/lighthouse/src/api.ts,38,13
plugins/scaffolder-backend/src/scaffolder/actions/builtin/fetch/plain.ts,plugins/scaffolder-backend/src/scaffolder/actions/builtin/fetch/plainFile.ts,38,13
packages/backend-app-api/src/services/implementations/httpAuth/httpAuthServiceFactory.ts,packages/backend-test-utils/src/next/services/MockHttpAuthService.ts,38,13
plugins/search-backend-module-techdocs/src/collators/DefaultTechDocsCollatorFactory.ts,plugins/search-backend-module-techdocs/src/collators/index.ts,38,13
plugins/azure-devops/src/hooks/useProjectRepoFromEntity.ts,plugins/azure-devops/src/index.ts,38,13
plugins/tech-insights-backend/src/service/fact/FactRetrieverRegistry.ts,plugins/tech-insights-common/src/index.ts,38,13
packages/config-loader/src/sources/FileConfigSource.ts,packages/config-loader/src/sources/MutableConfigSource.ts,38,13
plugins/catalog-backend/src/processing/index.ts,plugins/catalog-backend/src/processing/types.ts,38,13
plugins/signals-backend/src/service/router.ts,plugins/signals-node/src/SignalService.ts,38,13
plugins/catalog-unprocessed-entities/src/alpha/plugin.tsx,plugins/scaffolder/src/alpha/plugin.tsx,38,13
packages/core-components/src/layout/Content/Content.tsx,packages/core-components/src/layout/ContentHeader/ContentHeader.tsx,38,13
packages/cli/src/modules/info/index.ts,packages/cli/src/wiring/types.ts,38,13
plugins/catalog/src/components/CatalogFilter/CatalogFilter.tsx,plugins/catalog/src/components/CatalogFilter/index.ts,38,13
packages/ui/src/hooks/useBg.tsx,packages/ui/src/types.ts,38,13
plugins/catalog/src/alpha/EntityOverviewPage.tsx,plugins/catalog/src/alpha/entityContents.tsx,38,13
plugins/catalog/src/components/ComponentsCard/HasComponentsCard.tsx,plugins/catalog/src/components/HasSystemsCard/HasSystemsCard.tsx,38,13
packages/ui/src/components/Table/definition.ts,packages/ui/src/components/Table/types.ts,38,13
plugins/search-backend-module-techdocs/src/collators/DefaultTechDocsCollatorFactory.ts,plugins/search-backend-module-techdocs/src/module.ts,38,13
plugins/scaffolder-backend-module-gitlab/src/actions/gitlab.examples.ts,plugins/scaffolder-backend-module-gitlab/src/actions/gitlab.ts,38,13
plugins/catalog-node/src/catalogService.ts,plugins/catalog-node/src/testUtils/catalogServiceMock.ts,38,13
packages/catalog-model/src/kinds/TemplateEntityV1alpha1.ts,packages/catalog-model/src/kinds/UserEntityV1alpha1.ts,38,13
plugins/badges-backend/src/lib/BadgeBuilder/DefaultBadgeBuilder.ts,plugins/badges/src/components/EntityBadgesDialog.tsx,38,13
plugins/catalog-backend/src/service/DefaultRefreshService.ts,plugins/catalog-backend/src/service/types.ts,38,13
packages/techdocs-cli/src/commands/generate/generate.ts,packages/techdocs-cli/src/commands/serve/mkdocs.ts,38,13
plugins/git-release-manager/src/features/CreateReleaseCandidate/hooks/useCreateReleaseCandidate.ts,plugins/git-release-manager/src/features/Patch/Patch.tsx,38,13
packages/ui/src/components/Box/types.ts,packages/ui/src/types.ts,38,13
packages/theme/src/index.ts,packages/theme/src/v4/baseTheme.ts,38,13
plugins/bazaar/src/components/AddProjectDialog/AddProjectDialog.tsx,plugins/bazaar/src/components/ProjectCard/ProjectCard.tsx,38,13
plugins/bazaar/src/components/EditProjectDialog/EditProjectDialog.tsx,plugins/bazaar/src/components/EntityBazaarInfoContent/EntityBazaarInfoContent.tsx,38,13
plugins/auth-backend/src/providers/index.ts,plugins/auth-backend/src/providers/types.ts,37,79
plugins/auth-backend/src/providers/gitlab/provider.ts,plugins/auth-backend/src/providers/google/provider.ts,37,72
plugins/auth-backend/src/providers/github/provider.ts,plugins/auth-backend/src/providers/saml/provider.ts,37,65
plugins/kubernetes-backend/src/cluster-locator/ConfigClusterLocator.ts,plugins/kubernetes-backend/src/types/types.ts,37,59
plugins/catalog-backend-module-gitlab/src/lib/client.ts,plugins/catalog-backend-module-gitlab/src/lib/types.ts,37,54
packages/catalog-client/src/types/api.ts,packages/catalog-client/src/types/index.ts,37,46
packages/cli/src/lib/bundler/bundle.ts,packages/cli/src/lib/bundler/types.ts,37,43
plugins/catalog-backend/src/catalog/DatabaseEntitiesCatalog.ts,plugins/catalog-backend/src/ingestion/HigherOrderOperations.ts,37,41
plugins/auth-backend/src/providers/gitlab/provider.ts,plugins/auth-backend/src/providers/onelogin/provider.ts,37,40
packages/backend-common/src/reading/BitbucketUrlReader.ts,packages/backend-common/src/reading/FetchUrlReader.ts,37,32
packages/cli/src/lib/builder/config.ts,packages/cli/src/lib/builder/types.ts,37,29
packages/core-components/src/layout/Sidebar/Page.tsx,packages/core-components/src/layout/Sidebar/index.ts,37,29
plugins/auth-backend/src/providers/atlassian/provider.ts,plugins/auth-backend/src/providers/bitbucket/provider.ts,37,27
packages/core-api/src/apis/definitions/auth.ts,packages/core/src/layout/Sidebar/UserSettings.tsx,37,27
plugins/techdocs/src/reader/components/TechDocsReaderPageContent/TechDocsReaderPageContent.tsx,plugins/techdocs/src/reader/components/TechDocsReaderPageHeader/TechDocsReaderPageHeader.tsx,37,27
plugins/tech-radar/src/components/RadarComponent.tsx,plugins/tech-radar/src/components/RadarLegend/RadarLegend.tsx,37,27
packages/catalog-model/src/entity/Entity.ts,packages/catalog-model/src/entity/index.ts,37,27
packages/catalog-model/src/entity/index.ts,packages/catalog-model/src/entity/ref.ts,37,24
plugins/catalog-backend-module-msgraph/src/processors/MicrosoftGraphOrgEntityProvider.ts,plugins/catalog-backend-module-msgraph/src/processors/MicrosoftGraphOrgReaderProcessor.ts,37,24
plugins/catalog-import/src/alpha.tsx,plugins/devtools/src/alpha/plugin.tsx,37,24
packages/frontend-plugin-api/src/blueprints/PageBlueprint.tsx,plugins/app/src/extensions/components.tsx,37,22
packages/frontend-internal/src/wiring/InternalExtensionDefinition.ts,packages/frontend-plugin-api/src/wiring/resolveExtensionDefinition.ts,37,22
packages/backend/src/plugins/badges.ts,plugins/badges-backend/src/service/router.ts,37,19
packages/cli/src/modules/config/index.ts,packages/cli/src/wiring/CliInitializer.ts,37,19
plugins/scaffolder-backend-module-github/src/actions/githubEnvironment.ts,plugins/scaffolder-backend-module-github/src/actions/githubWebhook.ts,37,19
plugins/notifications-common/src/types.ts,plugins/notifications/src/api/NotificationsApi.ts,37,19
packages/cli/src/modules/config/alpha.ts,packages/cli/src/wiring/CliInitializer.ts,37,19
plugins/catalog/src/components/HasComponentsCard/HasComponentsCard.tsx,plugins/catalog/src/components/RelatedEntitiesCard/RelatedEntitiesCard.tsx,37,19
plugins/catalog-backend/src/ingestion/processors/AnnotateLocationEntityProcessor.ts,plugins/catalog-backend/src/ingestion/processors/types.ts,37,19
plugins/auth-backend/src/lib/resolvers/CatalogAuthResolverContext.ts,plugins/auth-backend/src/providers/router.ts,37,19
packages/catalog-model/src/entity/ref.ts,packages/catalog-model/src/types.ts,37,19
plugins/github-release-manager/src/cards/patchRc/PatchBody.tsx,plugins/github-release-manager/src/test-helpers/test-helpers.ts,37,16
plugins/catalog-backend/src/ingestion/processors/GithubMultiOrgReaderProcessor.ts,plugins/catalog-backend/src/ingestion/processors/GithubOrgReaderProcessor.ts,37,16
plugins/bazaar/src/api.ts,plugins/bazaar/src/components/EditProjectDialog/EditProjectDialog.tsx,37,16
packages/integration/src/bitbucket/config.ts,packages/integration/src/gitlab/config.ts,37,16
plugins/airbrake/dev/components/ApiBar/ApiBar.tsx,plugins/airbrake/dev/index.tsx,37,16
plugins/catalog/src/components/ComponentPage/ComponentPage.tsx,plugins/catalog/src/components/ComponentRemovalDialog/ComponentRemovalDialog.tsx,37,16
plugins/tech-insights-backend/src/index.ts,plugins/tech-insights-backend/src/service/fact/FactRetrieverRegistry.ts,37,16
plugins/catalog/src/components/DependsOnResourcesCard/DependsOnResourcesCard.tsx,plugins/catalog/src/components/HasSystemsCard/HasSystemsCard.tsx,37,16
packages/app/src/identityProviders.ts,packages/core-app-api/src/apis/implementations/auth/index.ts,37,16
plugins/scaffolder-backend-module-github/src/actions/github.ts,plugins/scaffolder-backend-module-github/src/actions/githubIssuesLabel.ts,37,16
plugins/azure-devops/src/api/AzureDevOpsApi.ts,plugins/azure-devops/src/hooks/useGitTags.ts,37,16
packages/core-app-api/src/apis/implementations/auth/microsoft/MicrosoftAuth.ts,packages/core-app-api/src/apis/implementations/auth/oauth2/OAuth2.ts,37,16
packages/canon/src/components/Text/Text.tsx,packages/canon/src/contexts/canon.tsx,37,16
plugins/lighthouse/src/components/AuditList/AuditListTable.tsx,plugins/lighthouse/src/components/AuditView/index.tsx,37,16
plugins/scaffolder-backend-module-github/src/actions/githubRepoPush.ts,plugins/scaffolder-backend-module-github/src/actions/helpers.ts,37,16
plugins/catalog-backend/src/database/Database.ts,plugins/catalog-backend/src/database/migrations/20200511113813_init.ts,37,16
plugins/catalog/src/components/DependsOnComponentsCard/DependsOnComponentsCard.tsx,plugins/catalog/src/components/HasSystemsCard/HasSystemsCard.tsx,37,16
packages/backend/src/plugins/notifications.ts,plugins/notifications-common/src/types.ts,37,16
plugins/scaffolder-backend/src/scaffolder/stages/prepare/preparers.ts,plugins/scaffolder-backend/src/scaffolder/stages/publish/publishers.ts,37,16
plugins/git-release-manager/src/features/Patch/Patch.tsx,plugins/git-release-manager/src/features/Patch/hooks/usePatch.ts,37,16
plugins/cost-insights/src/components/ProjectGrowthAlertCard/ProjectGrowthAlertCard.tsx,plugins/cost-insights/src/utils/mockData.ts,37,16
packages/core/src/layout/Sidebar/Intro.tsx,plugins/cost-insights/src/testUtils/providers.tsx,37,14
plugins/todo-backend/src/lib/TodoReader/TodoScmReader.ts,plugins/todo-backend/src/lib/TodoReader/types.ts,37,14
plugins/github-release-manager/src/api/PluginApiClient.ts,plugins/github-release-manager/src/cards/createRc/sideEffects/createRc.ts,37,14
plugins/catalog-backend/src/processing/ProcessorOutputCollector.ts,plugins/catalog-backend/src/util/conversion.ts,37,14
plugins/azure-devops/src/components/EntityPageAzurePipelines/EntityPageAzurePipelines.tsx,plugins/azure-devops/src/hooks/useRepoBuilds.ts,37,14
plugins/notifications-backend/src/plugin.ts,plugins/notifications-node/src/service/DefaultNotificationService.ts,37,14
plugins/catalog-import/src/components/ImportStepper/ImportStepper.tsx,plugins/catalog-import/src/components/StepInitAnalyzeUrl/StepInitAnalyzeUrl.tsx,37,14
plugins/code-coverage/src/components/CoverageHistoryChart/CoverageHistoryChart.tsx,plugins/code-coverage/src/components/FileExplorer/FileExplorer.tsx,37,14
plugins/notifications/src/alpha.tsx,plugins/scaffolder/src/alpha/extensions.tsx,37,14
plugins/splunk-on-call/src/api/client.ts,plugins/splunk-on-call/src/components/TriggerDialog/TriggerDialog.tsx,37,14
plugins/tech-insights-backend-module-jsonfc/src/service/JsonRulesEngineFactChecker.ts,plugins/tech-insights-common/src/index.ts,37,14
plugins/bazaar/src/api.ts,plugins/bazaar/src/types.ts,37,14
plugins/catalog-backend/src/service/AuthorizedRefreshService.ts,plugins/catalog-backend/src/service/types.ts,37,14
plugins/catalog/src/components/RelatedEntitiesCard/RelatedEntitiesCard.tsx,plugins/catalog/src/components/RelatedEntitiesCard/presets.ts,37,14
plugins/signals-backend/src/service/router.ts,plugins/signals-node/src/types.ts,37,14
packages/techdocs-common/src/helpers.ts,packages/techdocs-common/src/stages/prepare/preparers.ts,37,14
packages/backend-common/src/reading/tree/ReadTreeResponseFactory.ts,packages/backend-common/src/reading/tree/ReadableArrayResponse.ts,37,14
plugins/kubernetes/src/kubernetes-auth-provider/types.ts,plugins/lighthouse/src/api.ts,37,14
packages/frontend-plugin-api/src/blueprints/index.ts,plugins/app/src/extensions/index.ts,37,14
plugins/scaffolder-backend-module-rails/src/actions/fetch/rails/index.ts,plugins/scaffolder-backend-module-rails/src/actions/fetch/rails/railsArgumentResolver.ts,37,14
plugins/vault-backend/src/service/vaultApi.ts,plugins/vault/src/components/EntityVaultTable/EntityVaultTable.tsx,37,14
plugins/circleci/src/components/Router.tsx,plugins/github-actions/src/components/Router.tsx,37,14
packages/ui/src/hooks/useBg.tsx,packages/ui/src/hooks/useDefinition/useDefinition.tsx,37,14
packages/backend-app-api/src/services/implementations/httpRouterService.ts,packages/backend-app-api/src/services/implementations/index.ts,37,14
packages/app-next/src/examples/graphiqlPlugin.tsx,packages/frontend-plugin-api/src/types.ts,37,14
plugins/notifications/src/alpha.tsx,plugins/techdocs/src/alpha/index.tsx,37,14
plugins/github-release-manager/src/api/PluginApiClient.ts,plugins/github-release-manager/src/cards/projectForm/Repo.tsx,37,14
plugins/tech-radar/src/components/RadarEntry/RadarEntry.tsx,plugins/tech-radar/src/utils/types.ts,37,14
plugins/kubernetes-backend/src/plugin.ts,plugins/kubernetes-node/src/index.ts,37,14
plugins/catalog-backend/src/ingestion/processors/FileReaderProcessor.ts,plugins/catalog-backend/src/ingestion/processors/GithubReaderProcessor.ts,37,14
packages/frontend-plugin-api/src/apis/definitions/index.ts,packages/frontend-plugin-api/src/blueprints/index.ts,37,14
packages/catalog-model/src/entity/policies/FieldFormatEntityPolicy.ts,packages/catalog-model/src/validation/types.ts,37,14
plugins/scaffolder-react/src/next/components/ReviewState/ReviewState.tsx,plugins/scaffolder-react/src/next/components/ReviewState/util.ts,37,14
plugins/catalog-backend/src/database/operations/stitcher/performStitching.ts,plugins/catalog-backend/src/database/tables.ts,37,14
plugins/todo-backend/src/lib/TodoReader/TodoScmReader.ts,plugins/todo-backend/src/lib/TodoReader/index.ts,37,14
plugins/scaffolder/src/extensions/types.ts,plugins/scaffolder/src/next/TemplateWizardPage/Stepper/createAsyncValidators.ts,37,14
plugins/search-backend-module-explore/src/collators/ToolDocumentCollatorFactory.ts,plugins/search-backend-module-techdocs/src/collators/DefaultTechDocsCollatorFactory.ts,37,14
packages/cli/src/lib/versioning/index.ts,packages/cli/src/lib/versioning/packages.ts,37,14
packages/core-components/src/layout/Sidebar/Bar.tsx,packages/core-components/src/layout/Sidebar/MobileSidebar.tsx,36,42
plugins/notifications-backend/src/service/router.ts,plugins/notifications/src/api/NotificationsApi.ts,36,42
plugins/scaffolder/src/components/fields/EntityPicker/EntityPicker.tsx,plugins/scaffolder/src/components/fields/OwnedEntityPicker/OwnedEntityPicker.tsx,36,36
plugins/azure-devops/src/api/AzureDevOpsClient.ts,plugins/azure-devops/src/plugin.ts,36,33
plugins/scaffolder/src/components/TaskPage/TaskPage.tsx,plugins/scaffolder/src/components/hooks/useEventStream.ts,36,31
plugins/catalog-backend-module-ldap/src/ldap/client.ts,plugins/catalog-backend-module-ldap/src/ldap/read.ts,36,30
plugins/home/src/alpha.tsx,plugins/user-settings/src/alpha.tsx,36,30
plugins/catalog-node/src/alpha.ts,plugins/catalog-node/src/extensions.ts,36,25
plugins/catalog-backend-module-msgraph/src/microsoftGraph/config.ts,plugins/catalog-backend-module-msgraph/src/processors/MicrosoftGraphOrgEntityProvider.ts,36,25
plugins/catalog-backend/src/next/DefaultLocationStore.ts,plugins/catalog-backend/src/next/database/types.ts,36,25
plugins/scaffolder-node/src/tasks/index.ts,plugins/scaffolder-node/src/tasks/types.ts,36,25
packages/core-api/src/routing/RouteRef.ts,packages/core-api/src/routing/hooks.tsx,36,25
packages/cli/src/commands/app/serve.ts,packages/cli/src/commands/backend/dev.ts,36,25
plugins/tech-radar/src/components/RadarComponent.tsx,plugins/tech-radar/src/components/RadarPage.tsx,36,25
plugins/search/src/components/index.tsx,plugins/search/src/plugin.ts,36,25
plugins/techdocs/src/EntityPageDocs.tsx,plugins/techdocs/src/Router.tsx,36,22
packages/backend-common/src/database/connection.ts,packages/backend-common/src/database/index.ts,36,22
plugins/scaffolder-backend/src/scaffolder/stages/prepare/azure.ts,plugins/scaffolder-backend/src/scaffolder/stages/prepare/bitbucket.ts,36,19
packages/frontend-plugin-api/src/wiring/createFrontendModule.ts,packages/frontend-plugin-api/src/wiring/createFrontendPlugin.ts,36,19
plugins/circleci/src/api/index.ts,plugins/circleci/src/components/CircleCIFetch/CirleCIFetch.tsx,36,19
plugins/circleci/src/pages/DetailedViewPage/DetailedViewPage.tsx,plugins/circleci/src/pages/SettingsPage/SettingsPage.tsx,36,19
packages/backend-common/src/database/connection.ts,packages/backend-common/src/database/sqlite3.ts,36,19
packages/catalog-model/src/kinds/ComponentEntityV1alpha1.ts,packages/catalog-model/src/kinds/GroupEntityV1alpha1.ts,36,19
plugins/scaffolder-backend-module-github/src/actions/github.ts,plugins/scaffolder-backend-module-github/src/actions/inputProperties.ts,36,19
packages/create-app/templates/default-app/packages/backend/src/plugins/catalog.ts,packages/create-app/templates/default-app/packages/backend/src/types.ts,36,17
plugins/catalog-react/src/components/EntityTable/EntityTable.tsx,plugins/catalog/src/components/HasSystemsCard/HasSystemsCard.tsx,36,17
plugins/scaffolder-backend-module-github/src/actions/githubRepoCreate.ts,plugins/scaffolder-backend-module-github/src/actions/githubWebhook.ts,36,17
plugins/scaffolder-backend-module-github/src/actions/github.ts,plugins/scaffolder-backend-module-github/src/actions/githubAutolinks.ts,36,17
plugins/tech-radar/src/components/Radar/utils.ts,plugins/tech-radar/src/components/RadarLegend/RadarLegend.tsx,36,17
plugins/search-react/src/context/SearchContext.tsx,plugins/search-react/src/index.ts,36,17
plugins/notifications-backend/src/database/NotificationsStore.ts,plugins/notifications/src/components/NotificationsFilters/NotificationsFilters.tsx,36,17
plugins/catalog-backend/src/ingestion/processors/YamlProcessor.ts,plugins/catalog-backend/src/ingestion/processors/types.ts,36,17
plugins/github-release-manager/src/GitHubReleaseManager.tsx,plugins/github-release-manager/src/test-helpers/test-helpers.ts,36,17
plugins/scaffolder-node/src/actions/index.ts,plugins/scaffolder-node/src/actions/util.ts,36,17
plugins/api-docs/src/components/ApisCards/HasApisCard.tsx,plugins/catalog-react/src/components/EntityTable/EntityTable.tsx,36,17
packages/config-loader/src/sources/EnvConfigSource.ts,packages/config-loader/src/sources/RemoteConfigSource.ts,36,17
plugins/notifications-backend/src/database/NotificationsStore.ts,plugins/notifications-node/src/service/DefaultNotificationService.ts,36,17
plugins/circleci/src/pages/BuildsPage/BuildsPage.tsx,plugins/circleci/src/plugin.ts,36,17
plugins/auth-backend/src/providers/auth0/provider.ts,plugins/auth-backend/src/providers/google/provider.ts,35,68
plugins/kubernetes-backend/src/service/KubernetesFetcher.ts,plugins/kubernetes-backend/src/types/types.ts,35,62
plugins/auth-backend/src/providers/okta/provider.ts,plugins/auth-backend/src/providers/saml/provider.ts,35,60
plugins/kubernetes-backend/src/types/types.ts,plugins/kubernetes-common/src/types.ts,35,59
plugins/auth-backend/src/providers/microsoft/provider.ts,plugins/auth-backend/src/providers/oidc/provider.ts,35,57
plugins/catalog-react/src/components/EntityOwnerPicker/EntityOwnerPicker.tsx,plugins/catalog-react/src/components/EntityTagPicker/EntityTagPicker.tsx,35,45
plugins/notifications-backend/src/service/router.ts,plugins/notifications-common/src/types.ts,35,45
packages/core-components/src/layout/Sidebar/Bar.tsx,packages/core-components/src/layout/Sidebar/index.ts,35,40
plugins/catalog-backend/src/database/CommonDatabase.ts,plugins/catalog-backend/src/ingestion/HigherOrderOperations.ts,35,40
packages/repo-tools/src/commands/api-reports/api-reports.ts,packages/repo-tools/src/commands/index.ts,35,37
plugins/azure-devops/src/api/AzureDevOpsClient.ts,plugins/azure-devops/src/components/BuildTable/BuildTable.tsx,35,34
packages/core-components/src/layout/Sidebar/MobileSidebar.tsx,packages/core-components/src/layout/Sidebar/index.ts,35,31
plugins/notifications-backend/src/database/DatabaseNotificationsStore.ts,plugins/notifications-common/src/types.ts,35,29
plugins/github-actions/src/api/GithubActionsClient.ts,plugins/github-actions/src/components/WorkflowRunDetails/WorkflowRunDetails.tsx,35,26
plugins/tech-radar/src/components/RadarComponent.tsx,plugins/tech-radar/src/components/RadarPlot/RadarPlot.tsx,35,23
packages/techdocs-cli/src/commands/generate/generate.ts,packages/techdocs-cli/src/commands/index.ts,35,23
plugins/catalog-backend-module-ldap/src/processors/LdapOrgEntityProvider.ts,plugins/catalog-backend-module-msgraph/src/processors/MicrosoftGraphOrgEntityProvider.ts,35,23
plugins/devtools/src/alpha/plugin.tsx,plugins/techdocs/src/alpha/index.tsx,35,20
plugins/scaffolder-backend-module-github/src/actions/githubEnvironment.ts,plugins/scaffolder-backend-module-github/src/actions/githubRepoCreate.ts,35,20
plugins/catalog-react/src/components/EntityKindPicker/EntityKindPicker.tsx,plugins/catalog/src/components/CatalogKindHeader/CatalogKindHeader.tsx,35,20
plugins/catalog-unprocessed-entities/src/alpha/plugin.tsx,plugins/user-settings/src/alpha.tsx,35,20
plugins/cost-insights/src/hooks/useConfig.tsx,plugins/cost-insights/src/testUtils/providers.tsx,35,20
plugins/notifications/src/components/NotificationsFilters/NotificationsFilters.tsx,plugins/notifications/src/components/NotificationsTable/NotificationsTable.tsx,35,20
plugins/badges-backend/src/lib/BadgeBuilder/DefaultBadgeBuilder.ts,plugins/badges-backend/src/service/router.ts,35,20
plugins/scaffolder-node/src/actions/createTemplateAction.ts,plugins/scaffolder-node/src/actions/index.ts,35,20
packages/core-api/src/routing/index.ts,packages/core-api/src/routing/types.ts,35,20
packages/theme/src/unified/UnifiedTheme.tsx,packages/theme/src/unified/UnifiedThemeProvider.tsx,35,20
plugins/azure-devops/src/components/BuildTable/BuildTable.tsx,plugins/azure-devops/src/components/EntityPageAzureDevOps/EntityPageAzureDevOps.tsx,35,17
plugins/kubernetes-backend/src/kubernetes-auth-translator/AwsIamKubernetesAuthTranslator.ts,plugins/kubernetes-backend/src/kubernetes-auth-translator/GoogleKubernetesAuthTranslator.ts,35,17
plugins/devtools/src/alpha/plugin.tsx,plugins/devtools/src/components/DefaultDevToolsPage/DefaultDevToolsPage.tsx,35,17
packages/canon/src/components/Heading/Heading.tsx,packages/canon/src/components/Icon/Icon.tsx,35,17
packages/backend-common/src/logging/index.ts,packages/backend-common/src/logging/rootLogger.ts,35,17
packages/frontend-plugin-api/src/extensions/createNavItemExtension.tsx,packages/frontend-plugin-api/src/wiring/coreExtensionData.ts,35,17
packages/cli/src/modules/migrate/commands/versions/bump.ts,packages/cli/src/modules/test/commands/repo/test.ts,35,17
packages/backend-tasks/src/tasks/PluginTaskSchedulerImpl.ts,packages/backend-tasks/src/tasks/index.ts,35,17
plugins/tech-insights-backend/src/service/fact/FactRetrieverEngine.ts,plugins/tech-insights-backend/src/service/fact/createFactRetriever.ts,35,17
packages/techdocs-cli/src/commands/generate/generate.ts,plugins/techdocs-node/src/stages/generate/types.ts,35,17
plugins/kubernetes-backend/src/service/getKubernetesObjectsByServiceIdHandler.ts,plugins/kubernetes/src/components/KubernetesContent/KubernetesContent.tsx,35,17
plugins/catalog-backend/src/next/database/tables.ts,plugins/catalog-backend/src/next/database/types.ts,35,17
plugins/permission-node/src/integration/createConditionTransformer.ts,plugins/permission-node/src/types.ts,35,17
plugins/scaffolder-backend/src/scaffolder/stages/prepare/file.ts,plugins/scaffolder-backend/src/scaffolder/stages/prepare/gitlab.ts,35,17
packages/cli/src/commands/plugin/serve.ts,packages/config-loader/src/lib/resolver.ts,35,17
plugins/circleci/src/components/Layout/Layout.tsx,plugins/circleci/src/pages/SettingsPage/SettingsPage.tsx,35,17
plugins/catalog-graph/src/components/EntityRelationsGraph/EntityRelationsGraph.tsx,plugins/catalog-graph/src/components/EntityRelationsGraph/types.ts,35,17
plugins/scaffolder-backend-module-github/src/actions/githubEnvironment.ts,plugins/scaffolder-backend-module-github/src/actions/githubRepoPush.ts,35,17
plugins/kubernetes-backend/src/cluster-locator/CatalogClusterLocator.ts,plugins/kubernetes-backend/src/cluster-locator/index.ts,35,17
plugins/catalog/src/components/CatalogFilter/StarredCount.tsx,plugins/catalog/src/data/filters.ts,35,14
plugins/catalog-backend-module-incremental-ingestion/src/module/incrementalIngestionEntityProviderCatalogModule.ts,plugins/catalog-backend-module-incremental-ingestion/src/run.ts,35,14
plugins/catalog-backend/src/ingestion/processors/AzureApiReaderProcessor.ts,plugins/catalog-backend/src/ingestion/processors/GithubReaderProcessor.ts,35,14
plugins/catalog/src/components/DependencyOfComponentsCard/DependencyOfComponentsCard.tsx,plugins/catalog/src/components/HasSystemsCard/HasSystemsCard.tsx,35,14
plugins/github-actions/src/api/GithubActionsClient.ts,plugins/github-actions/src/components/BuildInfoCard/BuildInfoCard.tsx,35,14
packages/create-app/templates/default-app/packages/backend/src/plugins/auth.ts,packages/create-app/templates/default-app/packages/backend/src/plugins/catalog.ts,35,14
packages/techdocs-common/src/helpers.ts,packages/techdocs-common/src/stages/prepare/dir.ts,35,14
plugins/catalog-graphql/src/graphql/types.ts,plugins/catalog-graphql/src/service/client.ts,35,14
plugins/sonarqube/dev/index.tsx,plugins/sonarqube/src/api/SonarQubeClient.ts,35,14
plugins/github-release-manager/src/api/PluginApiClient.ts,plugins/github-release-manager/src/cards/promoteRc/PromoteRcBody.tsx,35,14
plugins/github-deployments/src/components/GithubDeploymentsCard.tsx,plugins/github-deployments/src/index.ts,35,14
plugins/cost-insights/src/utils/duration.ts,plugins/cost-insights/src/utils/formatters.ts,35,14
plugins/catalog-backend/src/ingestion/processors/BitbucketApiReaderProcessor.ts,plugins/catalog-backend/src/ingestion/processors/GithubReaderProcessor.ts,35,14
plugins/catalog/src/components/CatalogFilter/CatalogFilter.tsx,plugins/catalog/src/components/CatalogFilter/StarredCount.tsx,35,14
packages/config-loader/src/sources/MutableConfigSource.ts,packages/config-loader/src/sources/RemoteConfigSource.ts,35,14
packages/frontend-app-api/src/extensions/CoreRouter.tsx,packages/frontend-app-api/src/extensions/CoreRoutes.tsx,35,14
plugins/search/src/components/SearchBar/SearchBar.tsx,plugins/search/src/components/SearchBar/index.tsx,35,14
plugins/user-settings/src/components/FeatureFlags/UserSettingsFeatureFlags.tsx,plugins/user-settings/src/components/General/UserSettingsPinToggle.tsx,35,14
packages/integration/src/github/DefaultGithubCredentialsProvider.ts,packages/integration/src/github/index.ts,35,14
plugins/azure-devops/src/constants.ts,plugins/azure-devops/src/hooks/useRepoBuilds.ts,35,14
plugins/catalog-backend-module-gitlab/src/lib/client.ts,plugins/catalog-backend-module-gitlab/src/providers/GitlabOrgDiscoveryEntityProvider.ts,34,59
plugins/kubernetes-backend/src/service/KubernetesFanOutHandler.ts,plugins/kubernetes-common/src/types.ts,34,50
packages/techdocs-common/src/stages/publish/awsS3.ts,packages/techdocs-common/src/stages/publish/googleStorage.ts,34,50
packages/backend-common/src/reading/GithubUrlReader.ts,packages/backend-common/src/reading/types.ts,34,49
plugins/auth-backend/src/providers/bitbucket/provider.ts,plugins/auth-backend/src/providers/okta/provider.ts,34,44
plugins/home/src/alpha.tsx,plugins/search/src/alpha.tsx,34,38
plugins/auth-backend/src/providers/bitbucket/provider.ts,plugins/auth-backend/src/providers/oauth2/provider.ts,34,38
packages/backend-plugin-api/src/services/system/index.ts,packages/backend-plugin-api/src/services/system/types.ts,34,35
plugins/catalog-backend/src/next/NextCatalogBuilder.ts,plugins/catalog-backend/src/next/index.ts,34,32
plugins/tech-radar/src/api.ts,plugins/tech-radar/src/components/RadarPage.tsx,34,26
plugins/techdocs-node/src/stages/generate/mkdocsPatchers.ts,plugins/techdocs-node/src/stages/generate/techdocs.ts,34,24
plugins/scaffolder/src/components/fields/RepoUrlPicker/BitbucketRepoPicker.tsx,plugins/scaffolder/src/components/fields/RepoUrlPicker/GitlabRepoPicker.tsx,34,24
plugins/catalog-backend/src/database/Database.ts,plugins/catalog-backend/src/database/DatabaseManager.ts,34,24
plugins/api-docs/src/components/ApisCards/ProvidedApisCard.tsx,plugins/catalog/src/components/HasSystemsCard/HasSystemsCard.tsx,34,24
packages/cli/src/commands/app/serve.ts,packages/cli/src/commands/plugin/export.ts,34,23
packages/backend-common/src/database/connection.ts,packages/backend-common/src/database/types.ts,34,23
packages/integration/src/github/SingleInstanceGithubCredentialsProvider.ts,packages/integration/src/github/index.ts,34,23
packages/backend-common/src/reading/UrlReaders.ts,packages/backend-common/src/reading/index.ts,34,23
packages/backend-tasks/src/tasks/TaskWorker.ts,packages/backend-tasks/src/tasks/util.ts,34,23
plugins/search-backend-module-pg/src/PgSearchEngine/PgSearchEngine.ts,plugins/search-backend-module-pg/src/PgSearchEngine/index.ts,34,21
plugins/badges-backend/src/service/router.ts,plugins/badges/src/api/BadgesClient.ts,34,21
packages/catalog-client/src/testUtils/InMemoryCatalogClient.ts,plugins/catalog-node/src/catalogService.ts,34,21
plugins/notifications/src/api/NotificationsApi.ts,plugins/notifications/src/components/NotificationsTable/NotificationsTable.tsx,34,21
plugins/techdocs-node/src/stages/generate/helpers.ts,plugins/techdocs-node/src/stages/generate/types.ts,34,21
plugins/github-actions/src/api/GithubActionsClient.ts,plugins/github-actions/src/components/WorkflowRunLogs/WorkflowRunLogs.tsx,34,21
plugins/scaffolder-backend/src/scaffolder/actions/builtin/github/githubRepoPush.ts,plugins/scaffolder-backend/src/scaffolder/actions/builtin/helpers.ts,34,21
packages/config-loader/src/sources/ConfigSources.ts,packages/config-loader/src/sources/RemoteConfigSource.ts,34,21
plugins/notifications-backend/src/database/NotificationsStore.ts,plugins/notifications-common/src/types.ts,34,21
packages/catalog-model/src/kinds/GroupEntityV1alpha1.ts,packages/catalog-model/src/kinds/index.ts,34,21
plugins/jenkins/src/index.ts,plugins/jenkins/src/plugin.ts,34,18
packages/cli/src/commands/app/build.ts,packages/config-loader/src/lib/resolver.ts,34,18
plugins/circleci/src/pages/BuildsPage/lib/CITable/CITable.tsx,plugins/circleci/src/pages/SettingsPage/SettingsPage.tsx,34,18
packages/core-components/src/layout/SignInPage/SignInPage.tsx,packages/core-components/src/layout/SignInPage/commonProvider.tsx,34,18
plugins/catalog-graph/src/alpha.tsx,plugins/notifications/src/alpha.tsx,34,18
packages/cli/src/modules/migrate/index.ts,packages/cli/src/wiring/CliInitializer.ts,34,18
plugins/badges-backend/src/lib/BadgeBuilder/types.ts,plugins/badges-backend/src/service/router.ts,34,18
plugins/catalog-backend-module-ldap/src/ldap/config.ts,plugins/catalog-backend-module-ldap/src/ldap/index.ts,34,18
plugins/api-docs/src/components/ComponentsCards/ProvidingComponentsCard.tsx,plugins/catalog-react/src/components/EntityTable/EntityTable.tsx,34,18
packages/core-components/src/layout/Sidebar/Intro.tsx,packages/core-components/src/layout/Sidebar/SidebarSubmenu.tsx,34,18
plugins/techdocs/src/reader/components/TechDocsReaderPageContent/context.tsx,plugins/techdocs/src/reader/components/TechDocsReaderPageHeader/TechDocsReaderPageHeader.tsx,34,18
packages/catalog-model/src/entity/policies/FieldFormatEntityPolicy.ts,packages/catalog-model/src/validation/CommonValidatorFunctions.ts,34,18
packages/cli/src/modules/new/index.ts,packages/cli/src/wiring/CliInitializer.ts,34,18
plugins/catalog-backend/src/ingestion/processors/GithubDiscoveryProcessor.ts,plugins/catalog-backend/src/ingestion/processors/GithubMultiOrgReaderProcessor.ts,34,18
plugins/api-docs/src/components/ComponentsCards/ConsumingComponentsCard.tsx,plugins/catalog-react/src/components/EntityTable/EntityTable.tsx,34,18
plugins/catalog-import/src/components/ImportStepper/defaults.tsx,plugins/catalog-import/src/components/StepInitAnalyzeUrl/StepInitAnalyzeUrl.tsx,34,18
plugins/techdocs/src/reader/components/TechDocsReaderPageContent/TechDocsReaderPageContent.tsx,plugins/techdocs/src/reader/components/TechDocsReaderPageContent/context.tsx,34,18
plugins/sonarqube/src/components/SonarQubeCard/SonarQubeCard.tsx,plugins/sonarqube/src/plugin.ts,34,18
packages/catalog-model/src/entity/constants.ts,packages/catalog-model/src/entity/index.ts,34,18
plugins/tech-insights-backend/src/index.ts,plugins/tech-insights-backend/src/service/persistence/TechInsightsDatabase.ts,34,18
plugins/techdocs/src/reader/components/TechDocsReaderPage/context.tsx,plugins/techdocs/src/reader/components/TechDocsReaderPageHeader/TechDocsReaderPageHeader.tsx,34,18
plugins/notifications-common/src/types.ts,plugins/notifications-node/src/service/NotificationService.ts,34,15
packages/backend-common/src/reading/GerritUrlReader.ts,packages/backend-common/src/reading/tree/TarArchiveResponse.ts,34,15
packages/core-api/src/apis/implementations/auth/google/GoogleAuth.ts,packages/core-api/src/apis/implementations/auth/okta/OktaAuth.ts,34,15
packages/core/src/api/app/AppBuilder.tsx,packages/core/src/api/plugin/types.ts,34,15
plugins/catalog/src/data/filters.ts,plugins/catalog/src/hooks/useStarredEntites.ts,34,15
packages/backend-common/src/middleware/errorHandler.ts,packages/backend-common/src/middleware/notFoundHandler.ts,34,15
packages/backend-common/src/errors.ts,packages/backend-common/src/middleware/errorHandler.ts,34,15
plugins/bazaar-backend/src/service/router.ts,plugins/bazaar/src/components/ProjectCard/ProjectCard.tsx,34,15
plugins/scaffolder/src/components/fields/EntityNamePicker/EntityNamePicker.tsx,plugins/scaffolder/src/components/fields/OwnerPicker/OwnerPicker.tsx,34,15
packages/core-app-api/src/apis/implementations/auth/bitbucket/BitbucketAuth.ts,packages/core-app-api/src/apis/implementations/auth/oauth2/OAuth2.ts,34,15
plugins/events-backend/src/service/EventsPlugin.ts,plugins/events-backend/src/service/http/HttpPostIngressEventPublisher.ts,34,15
packages/create-app/templates/default-app/packages/backend/src/plugins/auth.ts,packages/create-app/templates/default-app/packages/backend/src/types.ts,34,15
packages/core-plugin-api/src/plugin/Plugin.tsx,packages/core-plugin-api/src/plugin/index.ts,34,15
packages/integration/src/github/core.ts,packages/integration/src/github/index.ts,34,15
plugins/cloudbuild/src/components/WorkflowRunDetails/useWorkflowRunJobs.ts,plugins/cost-insights/src/testUtils/providers.tsx,34,15
plugins/github-actions/src/index.ts,plugins/github-actions/src/plugin.ts,34,15
plugins/scaffolder/src/components/JobStatusModal/JobStage.tsx,plugins/scaffolder/src/components/JobStatusModal/JobStatusModal.tsx,34,15
plugins/scaffolder-backend/src/scaffolder/actions/types.ts,plugins/scaffolder-backend/src/scaffolder/tasks/HandlebarsWorkflowRunner.ts,34,15
plugins/cost-insights/src/utils/change.ts,plugins/cost-insights/src/utils/formatters.ts,34,15
plugins/catalog-backend/src/ingestion/processors/GithubReaderProcessor.ts,plugins/catalog-backend/src/ingestion/processors/GitlabApiReaderProcessor.ts,34,15
plugins/catalog/src/components/DependencyOfComponentsCard/DependencyOfComponentsCard.tsx,plugins/catalog/src/components/RelatedEntitiesCard/RelatedEntitiesCard.tsx,34,15
plugins/cloudbuild/src/components/WorkflowRunsTable/WorkflowRunsTable.tsx,plugins/cloudbuild/src/components/useWorkflowRuns.ts,34,15
packages/ui/src/components/Table/components/Table.tsx,packages/ui/src/components/TablePagination/TablePagination.tsx,34,15
packages/catalog-model/src/kinds/ComponentEntityV1alpha1.ts,packages/catalog-model/src/kinds/TemplateEntityV1alpha1.ts,34,15
packages/integration/src/github/index.ts,plugins/catalog-backend/src/ingestion/providers/GitHubOrgEntityProvider.ts,34,15
plugins/catalog-backend/src/legacy/service/CatalogBuilder.ts,plugins/catalog-backend/src/service/NextCatalogBuilder.ts,34,15
packages/backend-common/src/database/connectors/sqlite3.ts,packages/backend-common/src/database/index.ts,34,15
packages/frontend-app-api/src/createApp.tsx,packages/frontend-app-api/src/createExtensionInstance.ts,34,15
plugins/catalog/src/components/CatalogFilter/AllServicesCount.tsx,plugins/catalog/src/data/filters.ts,34,15
packages/config-loader/src/lib/schema/index.ts,packages/config-loader/src/lib/schema/load.ts,34,15
plugins/graphiql/src/components/GraphiQLBrowser/GraphiQLBrowser.tsx,plugins/graphiql/src/components/GraphiQLPage/GraphiQLPage.tsx,34,15
packages/frontend-plugin-api/src/wiring/createExtension.ts,packages/frontend-plugin-api/src/wiring/index.ts,33,77
packages/cli/src/lib/bundler/bundle.ts,packages/cli/src/lib/bundler/server.ts,33,69
packages/core-app-api/src/app/AppManager.tsx,packages/core-app-api/src/app/types.ts,33,60
plugins/scaffolder-backend/src/scaffolder/tasks/DatabaseTaskStore.ts,plugins/scaffolder-node/src/tasks/types.ts,33,57
plugins/auth-backend/src/providers/auth0/provider.ts,plugins/auth-backend/src/providers/github/provider.ts,33,57
plugins/auth-backend/src/providers/oauth2/provider.ts,plugins/auth-backend/src/providers/oidc/provider.ts,33,54
packages/app/src/components/search/SearchModal.tsx,packages/app/src/components/search/SearchPage.tsx,33,39
packages/frontend-plugin-api/src/wiring/index.ts,packages/frontend-plugin-api/src/wiring/types.ts,33,39
plugins/catalog-react/src/components/EntityLifecyclePicker/EntityLifecyclePicker.tsx,plugins/catalog-react/src/components/UserListPicker/UserListPicker.tsx,33,36
plugins/catalog-backend-module-github/src/lib/github.ts,plugins/catalog-backend-module-github/src/providers/GithubOrgEntityProvider.ts,33,36
packages/backend-tasks/src/tasks/TaskWorker.ts,packages/backend-tasks/src/tasks/types.ts,33,33
packages/techdocs-cli/src/commands/index.ts,packages/techdocs-cli/src/commands/serve/serve.ts,33,30
plugins/techdocs-node/src/stages/generate/helpers.ts,plugins/techdocs-node/src/stages/generate/techdocs.ts,33,30
packages/core-components/src/layout/Sidebar/Page.tsx,packages/core-components/src/layout/Sidebar/SidebarGroup.tsx,33,27
plugins/auth-backend/src/providers/atlassian/provider.ts,plugins/auth-backend/src/providers/onelogin/provider.ts,33,27
plugins/api-docs/src/alpha.tsx,plugins/catalog-unprocessed-entities/src/alpha/plugin.tsx,33,27
packages/frontend-test-utils/src/app/renderInTestApp.tsx,packages/frontend-test-utils/src/app/renderTestApp.tsx,33,27
plugins/devtools/src/alpha/plugin.tsx,plugins/user-settings/src/alpha.tsx,33,27
plugins/catalog-backend-module-msgraph/src/microsoftGraph/client.ts,plugins/catalog-backend-module-msgraph/src/microsoftGraph/config.ts,33,24
packages/cli/src/commands/new/new.ts,packages/cli/src/commands/new/util.ts,33,24
packages/techdocs-common/src/stages/publish/local.ts,packages/techdocs-common/src/stages/publish/types.ts,33,24
packages/core-components/src/layout/Sidebar/config.ts,packages/core-components/src/layout/Sidebar/index.ts,33,24
plugins/catalog-import/src/alpha.tsx,plugins/org/src/alpha.tsx,33,21
plugins/catalog-unprocessed-entities/src/alpha/plugin.tsx,plugins/home/src/alpha.tsx,33,21
plugins/notifications-common/src/types.ts,plugins/notifications/src/api/NotificationsClient.ts,33,21
plugins/git-release-manager/src/features/Patch/PatchBody.tsx,plugins/git-release-manager/src/features/Patch/hooks/usePatch.ts,33,21
plugins/pagerduty/src/api/types.ts,plugins/pagerduty/src/plugin.ts,33,21
plugins/github-actions/src/components/Cards/RecentWorkflowRunsCard.tsx,plugins/github-actions/src/components/Router.tsx,33,21
plugins/circleci/src/pages/BuildsPage/lib/Builds/Builds.tsx,plugins/circleci/src/pages/SettingsPage/SettingsPage.tsx,33,18
plugins/badges-backend/src/service/router.ts,plugins/badges/src/plugin.ts,33,18
packages/cli/src/modules/translations/index.ts,packages/cli/src/wiring/CliInitializer.ts,33,18
plugins/api-docs/src/components/ApisCards/HasApisCard.tsx,plugins/catalog/src/components/HasComponentsCard/HasComponentsCard.tsx,33,18
plugins/catalog/src/routes.ts,plugins/register-component/src/components/RegisterComponentResultDialog/RegisterComponentResultDialog.tsx,33,18
packages/core-components/src/components/DependencyGraph/DependencyGraph.tsx,packages/core-components/src/components/DependencyGraph/Edge.tsx,33,18
plugins/catalog-react/src/components/EntityAutocompletePicker/EntityAutocompletePicker.tsx,plugins/catalog-react/src/components/EntityAutocompletePicker/EntityAutocompletePickerInput.tsx,33,18
plugins/tech-insights-backend/src/index.ts,plugins/tech-insights-backend/src/service/fact/FactRetrieverEngine.ts,33,18
plugins/scaffolder-backend-module-github/src/actions/github.ts,plugins/scaffolder-backend-module-github/src/actions/githubActionsDispatch.ts,33,18
packages/backend-tasks/src/tasks/PluginTaskManagerImpl.ts,packages/backend-tasks/src/tasks/types.ts,33,18
packages/config-loader/src/lib/schema/collect.ts,packages/config-loader/src/lib/schema/types.ts,33,18
plugins/bazaar-backend/src/service/router.ts,plugins/bazaar/src/components/SortView/SortView.tsx,33,18
packages/core-components/src/components/LogViewer/LogViewer.tsx,packages/core-components/src/components/LogViewer/RealLogViewer.tsx,33,18
packages/frontend-plugin-api/src/wiring/createExtensionOverrides.ts,packages/frontend-plugin-api/src/wiring/types.ts,33,18
plugins/scaffolder/src/next/TemplateListPage/TemplateListPage.tsx,plugins/scaffolder/src/next/TemplateListPage/index.ts,33,18
plugins/catalog-graph/src/alpha.tsx,plugins/kubernetes/src/alpha/plugin.tsx,33,15
packages/create-app/templates/default-app/packages/backend/src/plugins/auth.ts,packages/create-app/templates/default-app/packages/backend/src/plugins/techdocs.ts,33,15
packages/backend-common/src/database/connectors/postgres.ts,packages/backend-common/src/database/connectors/sqlite3.ts,33,15
plugins/api-docs/src/components/ApisCards/ConsumedApisCard.tsx,plugins/catalog/src/components/ComponentsCard/HasComponentsCard.tsx,33,15
plugins/azure-devops/src/constants.ts,plugins/azure-devops/src/index.ts,33,15
plugins/catalog-react/src/alpha/blueprints/index.ts,plugins/catalog/src/alpha/components/EntityTabs/EntityTabs.tsx,33,15
packages/app/src/plugins/cost-insights/ExampleCostInsightsClient.ts,plugins/cost-insights/src/api/CostInsightsApi.ts,33,15
plugins/catalog-react/src/alpha/blueprints/index.ts,plugins/catalog/src/alpha/components/EntityTabs/EntityTabsList.tsx,33,15
plugins/events-backend/src/service/hub/EventHub.ts,plugins/events-backend/src/service/hub/types.ts,33,15
plugins/catalog-backend-module-incremental-ingestion/src/module/incrementalIngestionEntityProviderCatalogModule.ts,plugins/catalog-backend-module-incremental-ingestion/src/types.ts,33,15
packages/catalog-model/src/kinds/ApiEntityV1alpha1.ts,packages/catalog-model/src/kinds/index.ts,33,15
plugins/tech-radar/src/components/RadarPage.tsx,plugins/tech-radar/src/index.ts,33,15
plugins/catalog-backend/src/database/Database.ts,plugins/catalog-backend/src/ingestion/DescriptorParsers.ts,33,15
plugins/github-actions/src/api/GithubActionsClient.ts,plugins/github-actions/src/api/types.ts,33,15
plugins/git-release-manager/src/features/Patch/hooks/usePatch.ts,plugins/git-release-manager/src/features/PromoteRc/PromoteRc.tsx,33,15
packages/core-app-api/src/apis/implementations/auth/oauth2/OAuth2.ts,packages/core-app-api/src/apis/implementations/auth/onelogin/OneLoginAuth.ts,33,15
plugins/catalog-graph/src/components/CatalogGraphPage/CatalogGraphPage.tsx,plugins/catalog-graph/src/components/EntityRelationsGraph/index.ts,33,15
plugins/catalog-graph/src/components/CatalogGraphPage/SelectedRelationsFilter.tsx,plugins/catalog-graph/src/components/EntityRelationsGraph/EntityRelationsGraph.tsx,33,15
plugins/auth-backend/src/providers/gcp-iap/provider.ts,plugins/auth-backend/src/providers/oauth2-proxy/provider.ts,33,15
plugins/scaffolder/src/alpha/extensions.tsx,plugins/techdocs/src/alpha/index.tsx,33,15
plugins/catalog-graph/src/components/CatalogGraphPage/CatalogGraphPage.tsx,plugins/catalog-graph/src/components/CatalogGraphPage/SelectedKindsFilter.tsx,33,15
plugins/catalog-backend/src/database/DatabaseManager.ts,plugins/catalog-backend/src/ingestion/descriptors/ComponentDescriptorV1beta1Parser.ts,33,15
plugins/git-release-manager/src/features/Patch/hooks/usePatch.ts,plugins/git-release-manager/src/features/PromoteRc/PromoteRcBody.tsx,33,15
plugins/scaffolder-backend/src/scaffolder/actions/builtin/publish/bitbucket.ts,plugins/scaffolder-backend/src/scaffolder/actions/builtin/publish/github.ts,32,63
plugins/auth-backend/src/providers/auth0/provider.ts,plugins/auth-backend/src/providers/oidc/provider.ts,32,50
plugins/catalog-backend-module-gitlab/src/lib/types.ts,plugins/catalog-backend-module-gitlab/src/providers/GitlabOrgDiscoveryEntityProvider.ts,32,46
plugins/catalog-backend/src/next/NextCatalogBuilder.ts,plugins/catalog-backend/src/next/types.ts,32,43
plugins/org/src/components/Cards/OwnershipCard/ComponentsGrid.tsx,plugins/org/src/components/Cards/OwnershipCard/OwnershipCard.tsx,32,43
plugins/catalog-backend/src/next/DefaultLocationStore.ts,plugins/catalog-backend/src/next/NextCatalogBuilder.ts,32,37
packages/backend-common/src/database/DatabaseManager.ts,packages/backend-common/src/database/types.ts,32,34
packages/backend-common/src/reading/AwsS3UrlReader.ts,packages/integration/src/awsS3/config.ts,32,31
packages/core-components/src/layout/Sidebar/MobileSidebar.tsx,packages/core-components/src/layout/Sidebar/Page.tsx,32,31
plugins/auth-backend/src/identity/TokenFactory.ts,plugins/auth-backend/src/identity/types.ts,32,31
plugins/search-backend-node/src/engines/LunrSearchEngine.ts,plugins/search-backend-node/src/types.ts,32,28
plugins/azure-devops-backend/src/api/PullRequestsDashboardProvider.ts,plugins/azure-devops-backend/src/service/router.ts,32,28
plugins/catalog-unprocessed-entities/src/alpha/plugin.tsx,plugins/search/src/alpha.tsx,32,28
packages/backend-common/src/service/lib/ServiceBuilderImpl.ts,packages/backend-common/src/service/types.ts,32,28
packages/cli/src/lib/new/preparation/loadPortableTemplateConfig.ts,packages/cli/src/lib/new/types.ts,32,25
packages/frontend-plugin-api/src/components/ExtensionBoundary.tsx,packages/frontend-plugin-api/src/components/index.ts,32,25
packages/cli/src/lib/new/execution/executePortableTemplate.ts,packages/cli/src/lib/new/types.ts,32,25
packages/core-api/src/apis/implementations/auth/index.ts,plugins/auth-backend/src/providers/factories.ts,32,25
plugins/catalog-backend-module-gitlab/src/__testUtils__/mocks.ts,plugins/catalog-backend-module-gitlab/src/providers/GitlabDiscoveryEntityProvider.ts,32,25
packages/frontend-plugin-api/src/wiring/createExtensionOverrides.ts,packages/frontend-plugin-api/src/wiring/resolveExtensionDefinition.ts,32,22
plugins/git-release-manager/src/api/GitReleaseApiClient.ts,plugins/git-release-manager/src/hooks/useGetGitBatchInfo.ts,32,22
packages/cli/src/commands/build/command.ts,packages/cli/src/commands/repo/build.ts,32,22
packages/frontend-defaults/src/createApp.tsx,packages/frontend-defaults/src/discovery.ts,32,22
packages/frontend-defaults/src/createApp.tsx,packages/frontend-defaults/src/index.ts,32,22
plugins/catalog-backend/src/ingestion/processors/UrlReaderProcessor.ts,plugins/catalog-backend/src/ingestion/processors/types.ts,32,22
plugins/home/src/alpha.tsx,plugins/notifications/src/alpha.tsx,32,22
packages/catalog-model/src/entity/index.ts,packages/catalog-model/src/index.ts,32,19
plugins/search/src/components/SearchBar/SearchBar.tsx,plugins/search/src/components/SearchFilter/SearchFilter.tsx,32,19
plugins/catalog-react/src/alpha.tsx,plugins/catalog/src/alpha/entityContents.tsx,32,19
packages/core/src/layout/Sidebar/Items.tsx,packages/core/src/layout/Sidebar/index.ts,32,19
plugins/catalog-graph/src/components/CatalogGraphCard/CatalogGraphCard.tsx,plugins/catalog-graph/src/components/CatalogGraphPage/SelectedRelationsFilter.tsx,32,19
plugins/tech-insights-backend/src/service/fact/FactRetrieverRegistry.ts,plugins/tech-insights-node/src/facts.ts,32,19
plugins/tech-radar/src/components/RadarLegend/RadarLegend.tsx,plugins/tech-radar/src/components/RadarLegend/RadarLegendRing.tsx,32,19
packages/frontend-app-api/src/extensions/CoreNav.tsx,packages/frontend-plugin-api/src/wiring/coreExtensionData.ts,32,19
packages/frontend-plugin-api/src/components/ErrorBoundary.tsx,packages/frontend-plugin-api/src/components/ExtensionBoundary.tsx,32,19
plugins/techdocs/src/api.ts,plugins/techdocs/src/types.ts,32,19
plugins/tech-insights-backend/src/index.ts,plugins/tech-insights-backend/src/service/router.ts,32,19
packages/cli-node/src/monorepo/PackageGraph.ts,packages/cli-node/src/monorepo/index.ts,32,19
packages/search-common/src/types.ts,plugins/search-backend-node/src/types.ts,32,19
packages/backend-common/src/database/connection.ts,packages/backend-common/src/database/connectors/sqlite3.ts,32,19
plugins/badges-backend/src/service/router.ts,plugins/badges-backend/src/service/standaloneServer.ts,32,19
packages/frontend-internal/src/wiring/InternalFrontendPlugin.ts,packages/frontend-plugin-api/src/wiring/createFrontendPlugin.ts,32,19
plugins/catalog/src/components/ComponentPage/ComponentPage.tsx,plugins/catalog/src/data/component.ts,32,19
plugins/api-docs/src/components/ApisCards/ConsumedApisCard.tsx,plugins/catalog-react/src/components/EntityTable/EntityTable.tsx,32,19
plugins/circleci/src/components/App.tsx,plugins/circleci/src/pages/SettingsPage/SettingsPage.tsx,32,19
packages/core-components/src/components/DependencyGraph/DependencyGraph.tsx,packages/core-components/src/components/DependencyGraph/types.ts,32,19
plugins/scaffolder-backend/src/scaffolder/stages/templater/cookiecutter.ts,plugins/scaffolder-backend/src/scaffolder/stages/templater/cra/index.ts,32,19
packages/cli-plugin-api/src/createCliPlugin.ts,packages/cli/src/wiring/CliInitializer.ts,32,16
plugins/scaffolder/src/components/fields/MultiEntityPicker/MultiEntityPicker.tsx,plugins/scaffolder/src/components/fields/MultiEntityPicker/schema.ts,32,16
packages/integration/src/index.ts,packages/integration/src/types.ts,32,16
packages/cli/src/commands/start/command.ts,packages/cli/src/commands/start/startBackend.ts,32,16
plugins/circleci/src/pages/SettingsPage/SettingsPage.tsx,plugins/circleci/src/state/models/settings.ts,32,16
plugins/lighthouse/src/api.ts,plugins/lighthouse/src/components/CreateAudit/index.tsx,32,16
plugins/bazaar-backend/src/service/router.ts,plugins/bazaar/src/components/EditProjectDialog/EditProjectDialog.tsx,32,16
packages/integration/src/bitbucket/config.ts,packages/integration/src/github/config.ts,32,16
packages/backend/src/plugins/techInsights.ts,plugins/tech-insights-backend/src/index.ts,32,16
packages/catalog-model/src/kinds/GroupEntityV1alpha1.ts,packages/catalog-model/src/kinds/TemplateEntityV1alpha1.ts,32,16
plugins/lighthouse/src/components/AuditList/AuditListTable.tsx,plugins/lighthouse/src/components/AuditList/index.tsx,32,16
packages/app/src/identityProviders.ts,packages/core-api/src/apis/implementations/auth/index.ts,32,16
packages/cli-plugin-api/src/types.ts,packages/cli/src/wiring/CliInitializer.ts,32,16
plugins/circleci/src/pages/SettingsPage/SettingsPage.tsx,plugins/circleci/src/state/models/builds.ts,32,16
plugins/tech-radar/src/components/RadarBubble/RadarBubble.tsx,plugins/tech-radar/src/components/RadarLegend/RadarLegend.tsx,32,16
plugins/catalog-backend-module-incremental-ingestion/src/router/routes.ts,plugins/catalog-backend-module-incremental-ingestion/src/types.ts,32,16
plugins/github-release-manager/src/GitHubReleaseManager.tsx,plugins/github-release-manager/src/cards/patchRc/PatchBody.tsx,32,16
packages/cli-plugin-api/src/index.ts,packages/cli/src/wiring/CliInitializer.ts,32,16
plugins/catalog-import/src/alpha.tsx,plugins/kubernetes/src/alpha/plugin.tsx,32,16
packages/integration/src/github/index.ts,plugins/catalog-backend/src/ingestion/processors/GithubMultiOrgReaderProcessor.ts,32,16
plugins/kubernetes-backend/src/kubernetes-auth-translator/KubernetesAuthTranslatorGenerator.ts,plugins/kubernetes/src/kubernetes-auth-provider/KubernetesAuthProviders.ts,32,16
packages/backend-common/src/database/connectors/sqlite3.ts,packages/backend-common/src/database/types.ts,32,16
plugins/user-settings/src/components/General/UserSettingsAppearanceCard.tsx,plugins/user-settings/src/components/SettingsPage.tsx,32,16
plugins/devtools-react/src/index.ts,plugins/devtools/src/alpha/plugin.tsx,32,16
packages/app-next-example-plugin/src/plugin.tsx,packages/app-next/src/examples/pagesPlugin.tsx,32,16
packages/cli/src/wiring/CliInitializer.ts,packages/cli/src/wiring/factory.ts,32,16
plugins/scaffolder-backend/src/scaffolder/stages/publish/gitlab.ts,plugins/scaffolder-backend/src/scaffolder/stages/publish/types.ts,32,16
plugins/tech-insights/src/api/TechInsightsClient.ts,plugins/tech-insights/src/index.ts,32,16
packages/backend-common/src/database/connection.ts,packages/backend-common/src/database/mysql.ts,32,16
packages/frontend-app-api/src/extensions/CoreLayout.tsx,plugins/graphiql/src/alpha.tsx,32,16
packages/core-components/src/layout/SignInPage/SignInPage.tsx,packages/core-components/src/layout/SignInPage/auth0Provider.tsx,32,16
plugins/auth-backend/src/providers/types.ts,plugins/auth-backend/src/service/router.ts,31,116
plugins/scaffolder/src/index.ts,plugins/scaffolder/src/plugin.ts,31,66
plugins/auth-backend/src/providers/microsoft/provider.ts,plugins/auth-backend/src/providers/saml/provider.ts,31,57
plugins/auth-backend/src/providers/gitlab/provider.ts,plugins/auth-backend/src/providers/oidc/provider.ts,31,55
plugins/scaffolder-backend/src/scaffolder/tasks/index.ts,plugins/scaffolder-backend/src/scaffolder/tasks/types.ts,31,54
packages/frontend-plugin-api/src/wiring/createExtensionBlueprint.ts,packages/frontend-plugin-api/src/wiring/resolveExtensionDefinition.ts,31,51
plugins/notifications-backend/src/service/router.ts,plugins/notifications/src/components/NotificationsPage/NotificationsPage.tsx,31,48
packages/repo-tools/src/commands/api-reports/api-extractor.ts,packages/repo-tools/src/commands/api-reports/api-reports.ts,31,44
packages/backend-common/src/reading/BitbucketUrlReader.ts,packages/backend-common/src/reading/types.ts,31,42
plugins/search-backend-module-elasticsearch/src/engines/ElasticSearchSearchEngine.ts,plugins/search-backend-module-elasticsearch/src/engines/index.ts,31,39
plugins/auth-backend/src/providers/auth0/provider.ts,plugins/auth-backend/src/providers/bitbucket/provider.ts,31,35
packages/core-components/src/layout/Sidebar/Bar.tsx,packages/core-components/src/layout/Sidebar/config.ts,31,35
packages/create-app/src/createApp.ts,packages/create-app/src/index.ts,31,32
plugins/jenkins/src/components/BuildsPage/lib/CITable/CITable.tsx,plugins/jenkins/src/plugin.ts,31,29
plugins/techdocs/src/alpha.tsx,plugins/user-settings/src/alpha.tsx,31,29
plugins/scaffolder/src/next/TemplateWizardPage/Stepper/Stepper.tsx,plugins/scaffolder/src/next/TemplateWizardPage/Stepper/useTemplateSchema.ts,31,26
plugins/catalog-backend-module-incremental-ingestion/src/engine/IncrementalIngestionEngine.ts,plugins/catalog-backend-module-incremental-ingestion/src/module/WrapperProviders.ts,31,26
plugins/catalog/src/alpha/plugin.tsx,plugins/user-settings/src/alpha.tsx,31,26
plugins/pagerduty/src/api/client.ts,plugins/pagerduty/src/plugin.ts,31,26
packages/backend-common/src/reading/tree/TarArchiveResponse.ts,packages/backend-common/src/reading/tree/ZipArchiveResponse.ts,31,26
plugins/scaffolder-backend-module-github/src/actions/githubPullRequest.ts,plugins/scaffolder-backend-module-github/src/actions/githubWebhook.ts,31,23
packages/backend-common/src/reading/UrlReaderPredicateMux.ts,packages/backend-common/src/reading/UrlReaders.ts,31,23
plugins/catalog/src/api/types.ts,plugins/catalog/src/data/utils.ts,31,23
plugins/catalog-backend-module-incremental-ingestion/src/engine/IncrementalIngestionEngine.ts,plugins/catalog-backend-module-incremental-ingestion/src/service/IncrementalCatalogBuilder.ts,31,23
packages/frontend-app-api/src/createApp.tsx,packages/frontend-plugin-api/src/index.ts,31,23
packages/backend-app-api/src/wiring/index.ts,packages/backend-app-api/src/wiring/types.ts,31,23
plugins/catalog/src/api/types.ts,plugins/catalog/src/data/component.ts,31,22
plugins/api-docs/src/components/ApisCards/ConsumedApisCard.tsx,plugins/catalog/src/components/HasSystemsCard/HasSystemsCard.tsx,31,22
packages/core-components/src/layout/Sidebar/SidebarGroup.tsx,packages/core-components/src/layout/Sidebar/config.ts,31,22
plugins/catalog/src/components/HasSubcomponentsCard/HasSubcomponentsCard.tsx,plugins/catalog/src/components/RelatedEntitiesCard/RelatedEntitiesCard.tsx,31,22
plugins/techdocs-node/src/stages/generate/index.ts,plugins/techdocs-node/src/stages/generate/techdocs.ts,31,22
plugins/scaffolder-backend/src/scaffolder/actions/builtin/github/githubRepoPush.ts,plugins/scaffolder-backend/src/scaffolder/actions/builtin/github/helpers.ts,31,22
packages/core-api/src/routing/hooks.tsx,packages/core-api/src/routing/index.ts,31,19
plugins/tech-insights-backend-module-jsonfc/src/service/JsonRulesEngineFactChecker.ts,plugins/tech-insights-backend/src/service/router.ts,31,19
packages/core-components/src/layout/Sidebar/SidebarGroup.tsx,plugins/user-settings/src/components/General/UserSettingsAppearanceCard.tsx,31,19
plugins/scaffolder-backend-module-github/src/actions/githubIssuesLabel.ts,plugins/scaffolder-backend-module-github/src/actions/githubPullRequest.ts,31,19
plugins/cost-insights/src/components/ProductInsightsCard/ProductInsightsCard.tsx,plugins/cost-insights/src/utils/mockData.ts,31,19
plugins/kubernetes/src/api/KubernetesBackendClient.ts,plugins/kubernetes/src/plugin.ts,31,19
plugins/pagerduty/src/api/client.ts,plugins/pagerduty/src/api/index.ts,31,19
packages/backend-plugin-api/src/types.ts,packages/backend-plugin-api/src/wiring/factories.ts,31,19
packages/cli/src/modules/info/index.ts,packages/cli/src/wiring/CliInitializer.ts,31,19
plugins/api-docs/src/components/ComponentsCards/ProvidingComponentsCard.tsx,plugins/catalog/src/components/HasComponentsCard/HasComponentsCard.tsx,31,19
plugins/catalog-backend/src/permissions/rules/createPropertyRule.ts,plugins/permission-node/src/types.ts,31,19
plugins/auth-backend/src/identity/DatabaseKeyStore.ts,plugins/auth-backend/src/identity/types.ts,31,19
plugins/tech-insights-backend/src/service/fact/FactRetrieverEngine.ts,plugins/tech-insights-backend/src/service/techInsightsContextBuilder.ts,31,19
packages/cli/src/commands/versions/lint.ts,packages/cli/src/lib/versioning/Lockfile.ts,31,19
plugins/scaffolder-backend/src/service/conditionExports.ts,plugins/scaffolder-backend/src/service/rules.ts,31,19
packages/cli/src/lib/new/createNewPackage.ts,packages/cli/src/lib/new/preparation/loadPortableTemplateConfig.ts,31,16
plugins/lighthouse/src/components/AuditList/AuditListTable.tsx,plugins/lighthouse/src/components/CreateAudit/index.tsx,31,16
plugins/app/src/extensions/AppRoutes.tsx,plugins/app/src/extensions/components.tsx,31,16
packages/catalog-model/src/EntityPolicies.ts,packages/catalog-model/src/types.ts,31,16
plugins/auth-backend/src/identity/IdentityClient.ts,plugins/auth-backend/src/index.ts,31,16
plugins/scaffolder-backend-module-github/src/actions/githubBranchProtection.ts,plugins/scaffolder-backend-module-github/src/actions/helpers.ts,31,16
plugins/catalog-graphql/src/graphql/module.ts,plugins/catalog-graphql/src/index.ts,31,16
plugins/catalog-graphql/src/graphql/module.ts,plugins/catalog-graphql/src/setupTests.ts,31,16
plugins/scaffolder-backend/src/scaffolder/stages/prepare/azure.ts,plugins/scaffolder-backend/src/scaffolder/stages/prepare/file.ts,31,16
packages/integration/src/azure/config.ts,packages/integration/src/gitlab/config.ts,31,16
plugins/auth-backend/src/lib/resolvers/CatalogAuthResolverContext.ts,plugins/auth-backend/src/lib/resolvers/index.ts,31,16
plugins/catalog-backend/src/ingestion/processors/EntityPolicyProcessor.ts,plugins/catalog-backend/src/ingestion/processors/types.ts,31,16
packages/core/src/layout/Sidebar/UserSettings.tsx,packages/core/src/layout/Sidebar/index.ts,31,16
plugins/azure-devops/src/components/Router.tsx,plugins/azure-devops/src/plugin.ts,31,16
plugins/scaffolder-backend/src/scaffolder/stages/prepare/azure.ts,plugins/scaffolder-backend/src/scaffolder/stages/prepare/preparers.ts,31,16
plugins/tech-radar/src/components/RadarFooter/RadarFooter.tsx,plugins/tech-radar/src/components/RadarLegend/RadarLegend.tsx,31,16
plugins/catalog-backend/src/next/DefaultLocationStore.ts,plugins/catalog-backend/src/next/DefaultProcessingStateManager.ts,31,16
packages/cli/src/lib/new/createNewPackage.ts,packages/cli/src/lib/new/execution/executePortableTemplate.ts,31,16
packages/backend/src/plugins/techdocs.ts,plugins/techdocs-backend/src/techdocs/stages/publish/local.ts,31,16
plugins/search-backend-module-pg/src/PgSearchEngine/PgSearchEngineIndexer.ts,plugins/search-backend-module-pg/src/database/DatabaseDocumentStore.ts,31,16
packages/core-components/src/layout/InfoCard/InfoCard.tsx,packages/core-components/src/layout/TabbedCard/TabbedCard.tsx,31,16
plugins/scaffolder-backend/src/scaffolder/tasks/TaskWorker.ts,plugins/scaffolder-backend/src/scaffolder/tasks/types.ts,30,90
packages/cli/src/lib/bundler/server.ts,packages/cli/src/lib/bundler/types.ts,30,73
plugins/catalog/src/index.ts,plugins/catalog/src/plugin.ts,30,70
packages/core-components/src/layout/Sidebar/Bar.tsx,packages/core-components/src/layout/Sidebar/Items.tsx,30,66
plugins/scaffolder-backend/src/scaffolder/tasks/types.ts,plugins/scaffolder-node/src/tasks/types.ts,30,62
plugins/auth-backend/src/providers/oidc/provider.ts,plugins/auth-backend/src/providers/okta/provider.ts,30,60
plugins/kubernetes-backend/src/service/router.ts,plugins/kubernetes-backend/src/types/types.ts,30,56
plugins/auth-backend/src/providers/auth0/provider.ts,plugins/auth-backend/src/providers/saml/provider.ts,30,50
packages/techdocs-common/src/stages/publish/awsS3.ts,packages/techdocs-common/src/stages/publish/azureBlobStorage.ts,30,46
plugins/auth-backend/src/providers/bitbucket/provider.ts,plugins/auth-backend/src/providers/oidc/provider.ts,30,43
plugins/catalog-react/src/components/EntityOwnerPicker/EntityOwnerPicker.tsx,plugins/catalog-react/src/components/EntityProcessingStatusPicker/EntityProcessingStatusPicker.tsx,30,40
plugins/catalog-backend/src/database/Database.ts,plugins/catalog-backend/src/database/types.ts,30,40
packages/backend-common/src/reading/AzureUrlReader.ts,packages/backend-common/src/reading/types.ts,30,39
plugins/scaffolder/src/plugin.ts,plugins/scaffolder/src/routes.ts,30,39
plugins/auth-backend/src/providers/bitbucket/provider.ts,plugins/auth-backend/src/providers/gitlab/provider.ts,30,39
plugins/catalog-import/src/api/CatalogImportApi.ts,plugins/catalog-import/src/api/CatalogImportClient.ts,30,36
plugins/api-docs/src/alpha.tsx,plugins/devtools/src/alpha/plugin.tsx,30,33
plugins/scaffolder/src/components/fields/EntityPicker/EntityPicker.tsx,plugins/scaffolder/src/components/fields/OwnerPicker/OwnerPicker.tsx,30,33
plugins/kubernetes-backend/src/cluster-locator/ConfigClusterLocator.ts,plugins/kubernetes-backend/src/cluster-locator/GkeClusterLocator.ts,30,30
packages/app/src/components/search/SearchModal.tsx,plugins/search/src/components/SearchModal/SearchModal.tsx,30,30
packages/core-components/src/layout/Sidebar/SidebarSubmenu.tsx,packages/core-components/src/layout/Sidebar/SidebarSubmenuItem.tsx,30,27
plugins/azure-devops/src/components/BuildTable/BuildTable.tsx,plugins/azure-devops/src/plugin.ts,30,27
plugins/catalog-backend-module-github/src/lib/defaultTransformers.ts,plugins/catalog-backend-module-github/src/lib/github.ts,30,27
plugins/github-actions/src/components/Cards/RecentWorkflowRunsCard.tsx,plugins/github-actions/src/components/WorkflowRunsTable/WorkflowRunsTable.tsx,30,27
packages/cli/src/commands/new/new.ts,packages/cli/src/lib/new/utils.ts,30,26
plugins/scaffolder-backend/src/scaffolder/stages/prepare/bitbucket.ts,plugins/scaffolder-backend/src/scaffolder/stages/prepare/github.ts,30,26
plugins/auth-backend/src/service/standaloneServer.ts,plugins/catalog-backend/src/service/standaloneServer.ts,30,26
plugins/catalog-import/src/alpha.tsx,plugins/techdocs/src/alpha.tsx,30,26
plugins/scaffolder/src/extensions/default.ts,plugins/scaffolder/src/plugin.tsx,30,26
packages/frontend-plugin-api/src/apis/definitions/AppTreeApi.ts,packages/frontend-plugin-api/src/wiring/resolveExtensionDefinition.ts,30,23
plugins/scaffolder-backend-module-github/src/actions/github.ts,plugins/scaffolder-backend-module-github/src/actions/githubEnvironment.ts,30,23
plugins/catalog-react/src/components/EntityLifecyclePicker/EntityLifecyclePicker.tsx,plugins/catalog-react/src/components/EntityProcessingStatusPicker/EntityProcessingStatusPicker.tsx,30,23
plugins/notifications/src/api/NotificationsClient.ts,plugins/notifications/src/components/NotificationsTable/NotificationsTable.tsx,30,23
plugins/scaffolder-backend/src/scaffolder/stages/prepare/file.ts,plugins/scaffolder-backend/src/scaffolder/stages/prepare/github.ts,30,23
plugins/catalog-backend-module-incremental-ingestion/src/database/IncrementalIngestionDatabaseManager.ts,plugins/catalog-backend-module-incremental-ingestion/src/engine/IncrementalIngestionEngine.ts,30,23
plugins/kubernetes-backend/src/kubernetes-auth-translator/GoogleKubernetesAuthTranslator.ts,plugins/kubernetes-backend/src/service/router.ts,30,23
plugins/tech-radar/src/alpha.tsx,plugins/user-settings/src/alpha.tsx,30,20
packages/frontend-app-api/src/extensions/CoreLayout.tsx,packages/frontend-plugin-api/src/extensions/createPageExtension.tsx,30,20
plugins/techdocs/src/reader/components/TechDocsReaderPageContent/TechDocsReaderPageContent.tsx,plugins/techdocs/src/reader/components/TechDocsReaderPageSubheader/TechDocsReaderPageSubheader.tsx,30,20
plugins/catalog-backend-module-github-org/src/module.ts,plugins/catalog-backend-module-github/src/providers/GithubMultiOrgEntityProvider.ts,30,20
plugins/catalog-import/src/alpha.tsx,plugins/techdocs/src/alpha/index.tsx,30,20
plugins/scaffolder-backend-module-github/src/actions/githubDeployKey.ts,plugins/scaffolder-backend-module-github/src/actions/githubPullRequest.ts,30,20
plugins/catalog-backend/src/permissions/rules/hasAnnotation.ts,plugins/permission-node/src/types.ts,30,20
packages/core-components/src/layout/Sidebar/SidebarSubmenu.tsx,packages/core-components/src/layout/Sidebar/config.ts,30,20
plugins/scaffolder-backend/src/scaffolder/actions/builtin/fetch/plain.ts,plugins/scaffolder-backend/src/scaffolder/actions/types.ts,30,20
plugins/scaffolder-backend-module-github/src/actions/github.ts,plugins/scaffolder-backend-module-github/src/actions/githubWebhook.ts,30,20
plugins/tech-radar/src/components/RadarLegend/RadarLegend.tsx,plugins/tech-radar/src/utils/types.ts,30,20
packages/core-components/src/components/ProgressBars/Gauge.tsx,packages/core-components/src/layout/InfoCard/InfoCard.tsx,30,20
plugins/catalog/src/api/types.ts,plugins/catalog/src/components/ComponentRemovalDialog/ComponentRemovalDialog.tsx,30,20
plugins/tech-radar/src/components/RadarComponent.tsx,plugins/tech-radar/src/sampleData.ts,30,20
plugins/tech-radar/src/alpha.tsx,plugins/techdocs/src/alpha.tsx,30,20
plugins/scaffolder-backend-module-github/src/actions/githubAutolinks.ts,plugins/scaffolder-backend-module-github/src/actions/githubPullRequest.ts,30,20
plugins/api-docs/src/components/ApisCards/ProvidedApisCard.tsx,plugins/catalog-react/src/components/EntityTable/EntityTable.tsx,30,20
plugins/catalog-backend/src/next/NextEntitiesCatalog.ts,plugins/catalog-backend/src/next/Stitcher.ts,30,20
packages/core-plugin-api/src/extensions/extensions.tsx,packages/core-plugin-api/src/plugin-options/usePluginOptions.tsx,30,20
packages/backend-tasks/src/tasks/readTaskScheduleDefinitionFromConfig.ts,packages/backend-tasks/src/tasks/types.ts,30,20
plugins/kubernetes-backend/src/kubernetes-auth-translator/AwsIamKubernetesAuthTranslator.ts,plugins/kubernetes-backend/src/kubernetes-auth-translator/OidcKubernetesAuthTranslator.ts,30,17
plugins/circleci/src/api/index.ts,plugins/circleci/src/state/models/buildWithSteps.ts,30,17
packages/cli/src/modules/build/index.ts,packages/cli/src/wiring/types.ts,30,17
packages/cli/src/commands/build/buildFrontend.ts,packages/cli/src/commands/build/command.ts,30,17
plugins/home/src/components/CustomHomepage/CustomHomepageGrid.tsx,plugins/home/src/components/CustomHomepage/WidgetSettingsOverlay.tsx,30,17
packages/backend-common/src/reading/tree/ReadTreeResponseFactory.ts,packages/backend-common/src/reading/tree/TarArchiveResponse.ts,30,17
packages/backend-common/src/cache/CacheManager.ts,packages/backend-common/src/cache/index.ts,30,17
plugins/api-docs/src/components/ApisCards/ProvidedApisCard.tsx,plugins/catalog/src/components/ComponentsCard/HasComponentsCard.tsx,30,17
plugins/permission-node/src/integration/createConditionFactory.ts,plugins/permission-node/src/types.ts,30,17
plugins/techdocs-node/src/stages/generate/helpers.ts,plugins/techdocs-node/src/stages/generate/mkdocsPatchers.ts,30,17
packages/backend/src/plugins/techInsights.ts,plugins/tech-insights-backend/src/service/techInsightsContextBuilder.ts,30,17
packages/backend-app-api/src/alpha/featureDiscoveryServiceFactory.ts,packages/backend-plugin-api/src/alpha.ts,30,17
plugins/scaffolder-react/src/api/types.ts,plugins/scaffolder-react/src/next/components/TemplateOutputs/DefaultTemplateOutputs.tsx,30,17
plugins/cloudbuild/src/components/WorkflowRunDetails/WorkflowRunDetails.tsx,plugins/cloudbuild/src/components/WorkflowRunsTable/WorkflowRunsTable.tsx,30,17
plugins/register-component/src/components/RegisterComponentPage/RegisterComponentPage.tsx,plugins/register-component/src/components/RegisterComponentResultDialog/RegisterComponentResultDialog.tsx,30,17
packages/core-components/src/components/LogViewer/LogViewer.tsx,packages/core-components/src/components/LogViewer/styles.ts,30,17
plugins/cost-insights/src/api/CostInsightsApi.ts,plugins/cost-insights/src/components/ProductInsightsCard/ProductInsightsCard.tsx,30,17
plugins/azure-devops/src/hooks/useProjectRepoFromEntity.ts,plugins/azure-devops/src/plugin.ts,30,17
packages/catalog-model/src/entity/ref.ts,packages/catalog-model/src/index.ts,30,17
plugins/notifications-node/src/service/NotificationService.ts,plugins/notifications/src/components/NotificationsTable/NotificationsTable.tsx,30,17
plugins/catalog-import/src/components/StepPrepareCreatePullRequest/PreparePullRequestForm.tsx,plugins/cost-insights/src/testUtils/providers.tsx,30,17
packages/frontend-app-api/src/extensions/CoreNav.tsx,packages/frontend-plugin-api/src/extensions/createApiExtension.ts,30,17
packages/canon/src/components/Toolbar/types.ts,packages/canon/src/utils/componentDefinitions.ts,30,17
plugins/catalog-backend/src/ingestion/processors/GithubDiscoveryProcessor.ts,plugins/catalog-backend/src/ingestion/providers/GitHubOrgEntityProvider.ts,30,17
plugins/permission-node/src/integration/createPermissionRule.ts,plugins/permission-node/src/types.ts,30,17
packages/core-plugin-api/src/plugin-options/usePluginOptions.tsx,packages/core-plugin-api/src/plugin/Plugin.tsx,30,17
plugins/cost-insights/src/components/CostOverviewCard/CostOverviewChart.tsx,plugins/cost-insights/src/hooks/useConfig.tsx,30,17
plugins/catalog-unprocessed-entities/src/alpha/plugin.tsx,plugins/catalog/src/alpha/plugin.tsx,30,17
plugins/app/src/extensions/components.tsx,plugins/app/src/extensions/index.ts,30,17
